,Gene_ID,Features,No.Features
0,AADAC,"['AADAC_SNP', 'AADAC_MET', 'AADAC_CNV', 'AADAC_RNA']",4
1,ABAT,"['ABAT_SNP', 'ABAT_MET', 'ABAT_CNV', 'ABAT_RNA']",4
2,ABCB1,"['ABCB1_SNP', 'ABCB1_MET', 'ABCB1_CNV', 'ABCB1_RNA']",4
3,ABCB11,"['ABCB11_SNP', 'ABCB11_MET', 'ABCB11_CNV', 'ABCB11_RNA']",4
4,ABCC1,"['ABCC1_SNP', 'ABCC1_MET', 'ABCC1_CNV', 'ABCC1_RNA']",4
5,ABCC10,"['ABCC10_SNP', 'ABCC10_MET', 'ABCC10_CNV', 'ABCC10_RNA']",4
6,ABCC2,"['ABCC2_SNP', 'ABCC2_MET', 'ABCC2_CNV', 'ABCC2_RNA']",4
7,ABCC3,"['ABCC3_SNP', 'ABCC3_MET', 'ABCC3_CNV', 'ABCC3_RNA']",4
8,ABCC4,"['ABCC4_SNP', 'ABCC4_MET', 'ABCC4_CNV', 'ABCC4_RNA']",4
9,ABCC5,"['ABCC5_SNP', 'ABCC5_MET', 'ABCC5_CNV', 'ABCC5_RNA']",4
10,ABCC8,"['ABCC8_SNP', 'ABCC8_MET', 'ABCC8_CNV', 'ABCC8_RNA']",4
11,ABCG1,"['ABCG1_SNP', 'ABCG1_MET', 'ABCG1_CNV', 'ABCG1_RNA']",4
12,ABCG2,"['ABCG2_SNP', 'ABCG2_MET', 'ABCG2_CNV', 'ABCG2_RNA']",4
13,ABCG5,"['ABCG5_SNP', 'ABCG5_MET', 'ABCG5_CNV', 'ABCG5_RNA']",4
14,ABCG8,"['ABCG8_SNP', 'ABCG8_MET', 'ABCG8_CNV', 'ABCG8_RNA']",4
15,ACACA,"['ACACA_SNP', 'ACACA_MET', 'ACACA_CNV', 'ACACA_RNA']",4
16,ACACB,"['ACACB_SNP', 'ACACB_MET', 'ACACB_CNV', 'ACACB_RNA']",4
17,ACADSB,"['ACADSB_SNP', 'ACADSB_MET', 'ACADSB_CNV', 'ACADSB_RNA']",4
18,ACBD3,"['ACBD3_SNP', 'ACBD3_MET', 'ACBD3_CNV', 'ACBD3_RNA']",4
19,ACE,"['ACE_SNP', 'ACE_MET', 'ACE_CNV', 'ACE_RNA']",4
20,ACE2,"['ACE2_SNP', 'ACE2_MET', 'ACE2_CNV', 'ACE2_RNA']",4
21,ACHE,"['ACHE_SNP', 'ACHE_MET', 'ACHE_CNV', 'ACHE_RNA']",4
22,ACO1,"['ACO1_SNP', 'ACO1_MET', 'ACO1_CNV', 'ACO1_RNA']",4
23,ACP1,"['ACP1_SNP', 'ACP1_MET', 'ACP1_CNV', 'ACP1_RNA']",4
24,ADA,"['ADA_SNP', 'ADA_MET', 'ADA_CNV', 'ADA_RNA']",4
25,ADAR,"['ADAR_SNP', 'ADAR_MET', 'ADAR_CNV', 'ADAR_RNA']",4
26,ADCY1,"['ADCY1_SNP', 'ADCY1_MET', 'ADCY1_CNV', 'ADCY1_RNA']",4
27,ADCY2,"['ADCY2_SNP', 'ADCY2_MET', 'ADCY2_CNV', 'ADCY2_RNA']",4
28,ADCY3,"['ADCY3_SNP', 'ADCY3_MET', 'ADCY3_CNV', 'ADCY3_RNA']",4
29,ADCY4,"['ADCY4_SNP', 'ADCY4_MET', 'ADCY4_CNV', 'ADCY4_RNA']",4
30,ADCY5,"['ADCY5_SNP', 'ADCY5_MET', 'ADCY5_CNV', 'ADCY5_RNA']",4
31,ADCY6,"['ADCY6_SNP', 'ADCY6_MET', 'ADCY6_CNV', 'ADCY6_RNA']",4
32,ADCY7,"['ADCY7_SNP', 'ADCY7_MET', 'ADCY7_CNV', 'ADCY7_RNA']",4
33,ADCY8,"['ADCY8_SNP', 'ADCY8_MET', 'ADCY8_CNV', 'ADCY8_RNA']",4
34,ADCY9,"['ADCY9_SNP', 'ADCY9_MET', 'ADCY9_CNV', 'ADCY9_RNA']",4
35,ADD1,"['ADD1_SNP', 'ADD1_MET', 'ADD1_CNV', 'ADD1_RNA']",4
36,ADH1A,"['ADH1A_SNP', 'ADH1A_MET', 'ADH1A_CNV', 'ADH1A_RNA']",4
37,ADH1B,"['ADH1B_SNP', 'ADH1B_MET', 'ADH1B_CNV', 'ADH1B_RNA']",4
38,ADH1C,"['ADH1C_SNP', 'ADH1C_MET', 'ADH1C_CNV', 'ADH1C_RNA']",4
39,ADH4,"['ADH4_SNP', 'ADH4_MET', 'ADH4_CNV', 'ADH4_RNA']",4
40,ADH5,"['ADH5_SNP', 'ADH5_MET', 'ADH5_CNV', 'ADH5_RNA']",4
41,ADH6,"['ADH6_SNP', 'ADH6_MET', 'ADH6_CNV', 'ADH6_RNA']",4
42,ADH7,"['ADH7_SNP', 'ADH7_MET', 'ADH7_CNV', 'ADH7_RNA']",4
43,ADK,"['ADK_SNP', 'ADK_MET', 'ADK_CNV', 'ADK_RNA']",4
44,ADM,"['ADM_SNP', 'ADM_MET', 'ADM_CNV', 'ADM_RNA']",4
45,ADRA1A,"['ADRA1A_SNP', 'ADRA1A_MET', 'ADRA1A_CNV', 'ADRA1A_RNA']",4
46,ADRA1B,"['ADRA1B_SNP', 'ADRA1B_MET', 'ADRA1B_CNV', 'ADRA1B_RNA']",4
47,ADRA1D,"['ADRA1D_SNP', 'ADRA1D_MET', 'ADRA1D_CNV', 'ADRA1D_RNA']",4
48,ADRA2A,"['ADRA2A_SNP', 'ADRA2A_MET', 'ADRA2A_CNV', 'ADRA2A_RNA']",4
49,ADRA2B,"['ADRA2B_SNP', 'ADRA2B_MET', 'ADRA2B_CNV', 'ADRA2B_RNA']",4
50,ADRA2C,"['ADRA2C_SNP', 'ADRA2C_MET', 'ADRA2C_CNV', 'ADRA2C_RNA']",4
51,ADRB1,"['ADRB1_SNP', 'ADRB1_MET', 'ADRB1_CNV', 'ADRB1_RNA']",4
52,ADRB2,"['ADRB2_SNP', 'ADRB2_MET', 'ADRB2_CNV', 'ADRB2_RNA']",4
53,AGRP,"['AGRP_SNP', 'AGRP_MET', 'AGRP_CNV', 'AGRP_RNA']",4
54,AGT,"['AGT_SNP', 'AGT_MET', 'AGT_CNV', 'AGT_RNA']",4
55,AGTR1,"['AGTR1_SNP', 'AGTR1_MET', 'AGTR1_CNV', 'AGTR1_RNA']",4
56,AGTR2,"['AGTR2_SNP', 'AGTR2_MET', 'AGTR2_CNV', 'AGTR2_RNA']",4
57,AIFM2,"['AIFM2_SNP', 'AIFM2_MET', 'AIFM2_CNV', 'AIFM2_RNA']",4
58,AK2,"['AK2_SNP', 'AK2_MET', 'AK2_CNV', 'AK2_RNA']",4
59,AKAP1,"['AKAP1_SNP', 'AKAP1_MET', 'AKAP1_CNV', 'AKAP1_RNA']",4
60,AKR1A1,"['AKR1A1_SNP', 'AKR1A1_MET', 'AKR1A1_CNV', 'AKR1A1_RNA']",4
61,AKR1B1,"['AKR1B1_SNP', 'AKR1B1_MET', 'AKR1B1_CNV', 'AKR1B1_RNA']",4
62,AKR1B10,"['AKR1B10_SNP', 'AKR1B10_MET', 'AKR1B10_CNV', 'AKR1B10_RNA']",4
63,AKR1C1,"['AKR1C1_SNP', 'AKR1C1_MET', 'AKR1C1_CNV', 'AKR1C1_RNA']",4
64,AKR1C2,"['AKR1C2_SNP', 'AKR1C2_MET', 'AKR1C2_CNV', 'AKR1C2_RNA']",4
65,AKR1C3,"['AKR1C3_SNP', 'AKR1C3_MET', 'AKR1C3_CNV', 'AKR1C3_RNA']",4
66,AKR1C4,"['AKR1C4_SNP', 'AKR1C4_MET', 'AKR1C4_CNV', 'AKR1C4_RNA']",4
67,AKR7A2,"['AKR7A2_SNP', 'AKR7A2_MET', 'AKR7A2_CNV', 'AKR7A2_RNA']",4
68,AKR7A3,"['AKR7A3_SNP', 'AKR7A3_MET', 'AKR7A3_CNV', 'AKR7A3_RNA']",4
69,AKT1,"['AKT1_SNP', 'AKT1_MET', 'AKT1_CNV', 'AKT1_RNA']",4
70,AKT2,"['AKT2_SNP', 'AKT2_MET', 'AKT2_CNV', 'AKT2_RNA']",4
71,AKT3,"['AKT3_SNP', 'AKT3_MET', 'AKT3_CNV', 'AKT3_RNA']",4
72,ALB,"['ALB_SNP', 'ALB_MET', 'ALB_CNV', 'ALB_RNA']",4
73,ALDH1A1,"['ALDH1A1_SNP', 'ALDH1A1_MET', 'ALDH1A1_CNV', 'ALDH1A1_RNA']",4
74,ALDH2,"['ALDH2_SNP', 'ALDH2_MET', 'ALDH2_CNV', 'ALDH2_RNA']",4
75,ALDH3A1,"['ALDH3A1_SNP', 'ALDH3A1_MET', 'ALDH3A1_CNV', 'ALDH3A1_RNA']",4
76,ALDH5A1,"['ALDH5A1_SNP', 'ALDH5A1_MET', 'ALDH5A1_CNV', 'ALDH5A1_RNA']",4
77,ALK,"['ALK_SNP', 'ALK_MET', 'ALK_CNV', 'ALK_RNA']",4
78,ALOX5,"['ALOX5_SNP', 'ALOX5_MET', 'ALOX5_CNV', 'ALOX5_RNA']",4
79,ALOX5AP,"['ALOX5AP_SNP', 'ALOX5AP_MET', 'ALOX5AP_CNV', 'ALOX5AP_RNA']",4
80,ALPL,"['ALPL_SNP', 'ALPL_MET', 'ALPL_CNV', 'ALPL_RNA']",4
81,AMACR,"['AMACR_SNP', 'AMACR_MET', 'AMACR_CNV', 'AMACR_RNA']",4
82,ANGPTL3,"['ANGPTL3_SNP', 'ANGPTL3_MET', 'ANGPTL3_CNV', 'ANGPTL3_RNA']",4
83,ANKK1,"['ANKK1_SNP', 'ANKK1_MET', 'ANKK1_CNV', 'ANKK1_RNA']",4
84,AOX1,"['AOX1_SNP', 'AOX1_MET', 'AOX1_CNV', 'AOX1_RNA']",4
85,APOA1,"['APOA1_SNP', 'APOA1_MET', 'APOA1_CNV', 'APOA1_RNA']",4
86,APOA4,"['APOA4_SNP', 'APOA4_MET', 'APOA4_CNV', 'APOA4_RNA']",4
87,APOA5,"['APOA5_SNP', 'APOA5_MET', 'APOA5_CNV', 'APOA5_RNA']",4
88,APOB,"['APOB_SNP', 'APOB_MET', 'APOB_CNV', 'APOB_RNA']",4
89,APOC1,"['APOC1_SNP', 'APOC1_MET', 'APOC1_CNV', 'APOC1_RNA']",4
90,APOC2,"['APOC2_SNP', 'APOC2_MET', 'APOC2_CNV', 'APOC2_RNA']",4
91,APOC3,"['APOC3_SNP', 'APOC3_MET', 'APOC3_CNV', 'APOC3_RNA']",4
92,APOE,"['APOE_SNP', 'APOE_MET', 'APOE_CNV', 'APOE_RNA']",4
93,ARAF,"['ARAF_SNP', 'ARAF_MET', 'ARAF_CNV', 'ARAF_RNA']",4
94,AREG,"['AREG_SNP', 'AREG_MET', 'AREG_CNV', 'AREG_RNA']",4
95,ARNT,"['ARNT_SNP', 'ARNT_MET', 'ARNT_CNV', 'ARNT_RNA']",4
96,ARRB1,"['ARRB1_SNP', 'ARRB1_MET', 'ARRB1_CNV', 'ARRB1_RNA']",4
97,ARRB2,"['ARRB2_SNP', 'ARRB2_MET', 'ARRB2_CNV', 'ARRB2_RNA']",4
98,ATF2,"['ATF2_SNP', 'ATF2_MET', 'ATF2_CNV', 'ATF2_RNA']",4
99,ATF3,"['ATF3_SNP', 'ATF3_MET', 'ATF3_CNV', 'ATF3_RNA']",4
100,ATIC,"['ATIC_SNP', 'ATIC_MET', 'ATIC_CNV', 'ATIC_RNA']",4
101,ATM,"['ATM_SNP', 'ATM_MET', 'ATM_CNV', 'ATM_RNA']",4
102,ATP1A1,"['ATP1A1_SNP', 'ATP1A1_MET', 'ATP1A1_CNV', 'ATP1A1_RNA']",4
103,ATP2A1,"['ATP2A1_SNP', 'ATP2A1_MET', 'ATP2A1_CNV', 'ATP2A1_RNA']",4
104,ATP2A2,"['ATP2A2_SNP', 'ATP2A2_MET', 'ATP2A2_CNV', 'ATP2A2_RNA']",4
105,ATP2A3,"['ATP2A3_SNP', 'ATP2A3_MET', 'ATP2A3_CNV', 'ATP2A3_RNA']",4
106,ATP4A,"['ATP4A_SNP', 'ATP4A_MET', 'ATP4A_CNV', 'ATP4A_RNA']",4
107,ATP4B,"['ATP4B_SNP', 'ATP4B_MET', 'ATP4B_CNV', 'ATP4B_RNA']",4
108,ATP6AP2,"['ATP6AP2_SNP', 'ATP6AP2_MET', 'ATP6AP2_CNV', 'ATP6AP2_RNA']",4
109,ATP7A,"['ATP7A_SNP', 'ATP7A_MET', 'ATP7A_CNV', 'ATP7A_RNA']",4
110,ATP7B,"['ATP7B_SNP', 'ATP7B_MET', 'ATP7B_CNV', 'ATP7B_RNA']",4
111,ATR,"['ATR_SNP', 'ATR_MET', 'ATR_CNV', 'ATR_RNA']",4
112,AXL,"['AXL_SNP', 'AXL_MET', 'AXL_CNV', 'AXL_RNA']",4
113,BAD,"['BAD_SNP', 'BAD_MET', 'BAD_CNV', 'BAD_RNA']",4
114,BATF,"['BATF_SNP', 'BATF_MET', 'BATF_CNV', 'BATF_RNA']",4
115,BAX,"['BAX_SNP', 'BAX_MET', 'BAX_CNV', 'BAX_RNA']",4
116,BCAR1,"['BCAR1_SNP', 'BCAR1_MET', 'BCAR1_CNV', 'BCAR1_RNA']",4
117,BCHE,"['BCHE_SNP', 'BCHE_MET', 'BCHE_CNV', 'BCHE_RNA']",4
118,BCL2,"['BCL2_SNP', 'BCL2_MET', 'BCL2_CNV', 'BCL2_RNA']",4
119,BDKRB1,"['BDKRB1_SNP', 'BDKRB1_MET', 'BDKRB1_CNV', 'BDKRB1_RNA']",4
120,BDKRB2,"['BDKRB2_SNP', 'BDKRB2_MET', 'BDKRB2_CNV', 'BDKRB2_RNA']",4
121,BGLAP,"['BGLAP_SNP', 'BGLAP_MET', 'BGLAP_CNV', 'BGLAP_RNA']",4
122,BLVRB,"['BLVRB_SNP', 'BLVRB_MET', 'BLVRB_CNV', 'BLVRB_RNA']",4
123,BRAF,"['BRAF_SNP', 'BRAF_MET', 'BRAF_CNV', 'BRAF_RNA']",4
124,BSND,"['BSND_SNP', 'BSND_MET', 'BSND_CNV', 'BSND_RNA']",4
125,BTC,"['BTC_SNP', 'BTC_MET', 'BTC_CNV', 'BTC_RNA']",4
126,C5AR1,"['C5AR1_SNP', 'C5AR1_MET', 'C5AR1_CNV', 'C5AR1_RNA']",4
127,CA12,"['CA12_SNP', 'CA12_MET', 'CA12_CNV', 'CA12_RNA']",4
128,CA9,"['CA9_SNP', 'CA9_MET', 'CA9_CNV', 'CA9_RNA']",4
129,CACNA1A,"['CACNA1A_SNP', 'CACNA1A_MET', 'CACNA1A_CNV', 'CACNA1A_RNA']",4
130,CACNA1B,"['CACNA1B_SNP', 'CACNA1B_MET', 'CACNA1B_CNV', 'CACNA1B_RNA']",4
131,CACNA1C,"['CACNA1C_SNP', 'CACNA1C_MET', 'CACNA1C_CNV', 'CACNA1C_RNA']",4
132,CACNA1D,"['CACNA1D_SNP', 'CACNA1D_MET', 'CACNA1D_CNV', 'CACNA1D_RNA']",4
133,CACNA1E,"['CACNA1E_SNP', 'CACNA1E_MET', 'CACNA1E_CNV', 'CACNA1E_RNA']",4
134,CACNA1F,"['CACNA1F_SNP', 'CACNA1F_MET', 'CACNA1F_CNV', 'CACNA1F_RNA']",4
135,CACNA1G,"['CACNA1G_SNP', 'CACNA1G_MET', 'CACNA1G_CNV', 'CACNA1G_RNA']",4
136,CACNA1H,"['CACNA1H_SNP', 'CACNA1H_MET', 'CACNA1H_CNV', 'CACNA1H_RNA']",4
137,CACNA1I,"['CACNA1I_SNP', 'CACNA1I_MET', 'CACNA1I_CNV', 'CACNA1I_RNA']",4
138,CACNA1S,"['CACNA1S_SNP', 'CACNA1S_MET', 'CACNA1S_CNV', 'CACNA1S_RNA']",4
139,CACNA2D1,"['CACNA2D1_SNP', 'CACNA2D1_MET', 'CACNA2D1_CNV', 'CACNA2D1_RNA']",4
140,CACNA2D2,"['CACNA2D2_SNP', 'CACNA2D2_MET', 'CACNA2D2_CNV', 'CACNA2D2_RNA']",4
141,CACNA2D3,"['CACNA2D3_SNP', 'CACNA2D3_MET', 'CACNA2D3_CNV', 'CACNA2D3_RNA']",4
142,CACNA2D4,"['CACNA2D4_SNP', 'CACNA2D4_MET', 'CACNA2D4_CNV', 'CACNA2D4_RNA']",4
143,CACNB1,"['CACNB1_SNP', 'CACNB1_MET', 'CACNB1_CNV', 'CACNB1_RNA']",4
144,CACNB2,"['CACNB2_SNP', 'CACNB2_MET', 'CACNB2_CNV', 'CACNB2_RNA']",4
145,CACNB3,"['CACNB3_SNP', 'CACNB3_MET', 'CACNB3_CNV', 'CACNB3_RNA']",4
146,CACNB4,"['CACNB4_SNP', 'CACNB4_MET', 'CACNB4_CNV', 'CACNB4_RNA']",4
147,CACNG1,"['CACNG1_SNP', 'CACNG1_MET', 'CACNG1_CNV', 'CACNG1_RNA']",4
148,CALCA,"['CALCA_SNP', 'CALCA_MET', 'CALCA_CNV', 'CALCA_RNA']",4
149,CALCRL,"['CALCRL_SNP', 'CALCRL_MET', 'CALCRL_CNV', 'CALCRL_RNA']",4
150,CALU,"['CALU_SNP', 'CALU_MET', 'CALU_CNV', 'CALU_RNA']",4
151,CAMK1,"['CAMK1_SNP', 'CAMK1_MET', 'CAMK1_CNV', 'CAMK1_RNA']",4
152,CAMK1D,"['CAMK1D_SNP', 'CAMK1D_MET', 'CAMK1D_CNV', 'CAMK1D_RNA']",4
153,CAMK1G,"['CAMK1G_SNP', 'CAMK1G_MET', 'CAMK1G_CNV', 'CAMK1G_RNA']",4
154,CAMK2A,"['CAMK2A_SNP', 'CAMK2A_MET', 'CAMK2A_CNV', 'CAMK2A_RNA']",4
155,CAMK2B,"['CAMK2B_SNP', 'CAMK2B_MET', 'CAMK2B_CNV', 'CAMK2B_RNA']",4
156,CAMK2D,"['CAMK2D_SNP', 'CAMK2D_MET', 'CAMK2D_CNV', 'CAMK2D_RNA']",4
157,CAMK2G,"['CAMK2G_SNP', 'CAMK2G_MET', 'CAMK2G_CNV', 'CAMK2G_RNA']",4
158,CARTPT,"['CARTPT_SNP', 'CARTPT_MET', 'CARTPT_CNV', 'CARTPT_RNA']",4
159,CASP3,"['CASP3_SNP', 'CASP3_MET', 'CASP3_CNV', 'CASP3_RNA']",4
160,CASP8,"['CASP8_SNP', 'CASP8_MET', 'CASP8_CNV', 'CASP8_RNA']",4
161,CASP9,"['CASP9_SNP', 'CASP9_MET', 'CASP9_CNV', 'CASP9_RNA']",4
162,CASR,"['CASR_SNP', 'CASR_MET', 'CASR_CNV', 'CASR_RNA']",4
163,CAT,"['CAT_SNP', 'CAT_MET', 'CAT_CNV', 'CAT_RNA']",4
164,CBR1,"['CBR1_SNP', 'CBR1_MET', 'CBR1_CNV', 'CBR1_RNA']",4
165,CBR3,"['CBR3_SNP', 'CBR3_MET', 'CBR3_CNV', 'CBR3_RNA']",4
166,CBS,"['CBS_SNP', 'CBS_MET', 'CBS_CNV', 'CBS_RNA']",4
167,CCKBR,"['CCKBR_SNP', 'CCKBR_MET', 'CCKBR_CNV', 'CCKBR_RNA']",4
168,CCNB1,"['CCNB1_SNP', 'CCNB1_MET', 'CCNB1_CNV', 'CCNB1_RNA']",4
169,CD33,"['CD33_SNP', 'CD33_MET', 'CD33_CNV', 'CD33_RNA']",4
170,CD36,"['CD36_SNP', 'CD36_MET', 'CD36_CNV', 'CD36_RNA']",4
171,CDA,"['CDA_SNP', 'CDA_MET', 'CDA_CNV', 'CDA_RNA']",4
172,CDC42,"['CDC42_SNP', 'CDC42_MET', 'CDC42_CNV', 'CDC42_RNA']",4
173,CDK5,"['CDK5_SNP', 'CDK5_MET', 'CDK5_CNV', 'CDK5_RNA']",4
174,CDKN1A,"['CDKN1A_SNP', 'CDKN1A_MET', 'CDKN1A_CNV', 'CDKN1A_RNA']",4
175,CDKN1B,"['CDKN1B_SNP', 'CDKN1B_MET', 'CDKN1B_CNV', 'CDKN1B_RNA']",4
176,CES1,"['CES1_SNP', 'CES1_MET', 'CES1_CNV', 'CES1_RNA']",4
177,CES2,"['CES2_SNP', 'CES2_MET', 'CES2_CNV', 'CES2_RNA']",4
178,CFTR,"['CFTR_SNP', 'CFTR_MET', 'CFTR_CNV', 'CFTR_RNA']",4
179,CHAT,"['CHAT_SNP', 'CHAT_MET', 'CHAT_CNV', 'CHAT_RNA']",4
180,CHEK1,"['CHEK1_SNP', 'CHEK1_MET', 'CHEK1_CNV', 'CHEK1_RNA']",4
181,CHEK2,"['CHEK2_SNP', 'CHEK2_MET', 'CHEK2_CNV', 'CHEK2_RNA']",4
182,CHPT1,"['CHPT1_SNP', 'CHPT1_MET', 'CHPT1_CNV', 'CHPT1_RNA']",4
183,CHRM3,"['CHRM3_SNP', 'CHRM3_MET', 'CHRM3_CNV', 'CHRM3_RNA']",4
184,CHRNA1,"['CHRNA1_SNP', 'CHRNA1_MET', 'CHRNA1_CNV', 'CHRNA1_RNA']",4
185,CHRNA3,"['CHRNA3_SNP', 'CHRNA3_MET', 'CHRNA3_CNV', 'CHRNA3_RNA']",4
186,CHRNA4,"['CHRNA4_SNP', 'CHRNA4_MET', 'CHRNA4_CNV', 'CHRNA4_RNA']",4
187,CHRNA5,"['CHRNA5_SNP', 'CHRNA5_MET', 'CHRNA5_CNV', 'CHRNA5_RNA']",4
188,CHRNA6,"['CHRNA6_SNP', 'CHRNA6_MET', 'CHRNA6_CNV', 'CHRNA6_RNA']",4
189,CHRNA7,"['CHRNA7_SNP', 'CHRNA7_MET', 'CHRNA7_CNV', 'CHRNA7_RNA']",4
190,CHRNB1,"['CHRNB1_SNP', 'CHRNB1_MET', 'CHRNB1_CNV', 'CHRNB1_RNA']",4
191,CHRNB2,"['CHRNB2_SNP', 'CHRNB2_MET', 'CHRNB2_CNV', 'CHRNB2_RNA']",4
192,CHRNB4,"['CHRNB4_SNP', 'CHRNB4_MET', 'CHRNB4_CNV', 'CHRNB4_RNA']",4
193,CHRND,"['CHRND_SNP', 'CHRND_MET', 'CHRND_CNV', 'CHRND_RNA']",4
194,CHRNE,"['CHRNE_SNP', 'CHRNE_MET', 'CHRNE_CNV', 'CHRNE_RNA']",4
195,CKB,"['CKB_SNP', 'CKB_MET', 'CKB_CNV', 'CKB_RNA']",4
196,CKM,"['CKM_SNP', 'CKM_MET', 'CKM_CNV', 'CKM_RNA']",4
197,CLCNKA,"['CLCNKA_SNP', 'CLCNKA_MET', 'CLCNKA_CNV', 'CLCNKA_RNA']",4
198,CLCNKB,"['CLCNKB_SNP', 'CLCNKB_MET', 'CLCNKB_CNV', 'CLCNKB_RNA']",4
199,CMA1,"['CMA1_SNP', 'CMA1_MET', 'CMA1_CNV', 'CMA1_RNA']",4
200,CMPK1,"['CMPK1_SNP', 'CMPK1_MET', 'CMPK1_CNV', 'CMPK1_RNA']",4
201,CMPK2,"['CMPK2_SNP', 'CMPK2_MET', 'CMPK2_CNV', 'CMPK2_RNA']",4
202,CNR1,"['CNR1_SNP', 'CNR1_MET', 'CNR1_CNV', 'CNR1_RNA']",4
203,CNR2,"['CNR2_SNP', 'CNR2_MET', 'CNR2_CNV', 'CNR2_RNA']",4
204,COL1A1,"['COL1A1_SNP', 'COL1A1_MET', 'COL1A1_CNV', 'COL1A1_RNA']",4
205,COL1A2,"['COL1A2_SNP', 'COL1A2_MET', 'COL1A2_CNV', 'COL1A2_RNA']",4
206,COL3A1,"['COL3A1_SNP', 'COL3A1_MET', 'COL3A1_CNV', 'COL3A1_RNA']",4
207,COL4A1,"['COL4A1_SNP', 'COL4A1_MET', 'COL4A1_CNV', 'COL4A1_RNA']",4
208,COL4A2,"['COL4A2_SNP', 'COL4A2_MET', 'COL4A2_CNV', 'COL4A2_RNA']",4
209,COMT,"['COMT_SNP', 'COMT_MET', 'COMT_CNV', 'COMT_RNA']",4
210,CRH,"['CRH_SNP', 'CRH_MET', 'CRH_CNV', 'CRH_RNA']",4
211,CRHR1,"['CRHR1_SNP', 'CRHR1_MET', 'CRHR1_CNV', 'CRHR1_RNA']",4
212,CRHR2,"['CRHR2_SNP', 'CRHR2_MET', 'CRHR2_CNV', 'CRHR2_RNA']",4
213,CRK,"['CRK_SNP', 'CRK_MET', 'CRK_CNV', 'CRK_RNA']",4
214,CRTC2,"['CRTC2_SNP', 'CRTC2_MET', 'CRTC2_CNV', 'CRTC2_RNA']",4
215,CSK,"['CSK_SNP', 'CSK_MET', 'CSK_CNV', 'CSK_RNA']",4
216,CTH,"['CTH_SNP', 'CTH_MET', 'CTH_CNV', 'CTH_RNA']",4
217,CTNNB1,"['CTNNB1_SNP', 'CTNNB1_MET', 'CTNNB1_CNV', 'CTNNB1_RNA']",4
218,CTSA,"['CTSA_SNP', 'CTSA_MET', 'CTSA_CNV', 'CTSA_RNA']",4
219,CTSG,"['CTSG_SNP', 'CTSG_MET', 'CTSG_CNV', 'CTSG_RNA']",4
220,CYB5A,"['CYB5A_SNP', 'CYB5A_MET', 'CYB5A_CNV', 'CYB5A_RNA']",4
221,CYB5R3,"['CYB5R3_SNP', 'CYB5R3_MET', 'CYB5R3_CNV', 'CYB5R3_RNA']",4
222,CYBA,"['CYBA_SNP', 'CYBA_MET', 'CYBA_CNV', 'CYBA_RNA']",4
223,CYCS,"['CYCS_SNP', 'CYCS_MET', 'CYCS_CNV', 'CYCS_RNA']",4
224,CYP11B2,"['CYP11B2_SNP', 'CYP11B2_MET', 'CYP11B2_CNV', 'CYP11B2_RNA']",4
225,CYP19A1,"['CYP19A1_SNP', 'CYP19A1_MET', 'CYP19A1_CNV', 'CYP19A1_RNA']",4
226,CYP1A1,"['CYP1A1_SNP', 'CYP1A1_MET', 'CYP1A1_CNV', 'CYP1A1_RNA']",4
227,CYP1A2,"['CYP1A2_SNP', 'CYP1A2_MET', 'CYP1A2_CNV', 'CYP1A2_RNA']",4
228,CYP1B1,"['CYP1B1_SNP', 'CYP1B1_MET', 'CYP1B1_CNV', 'CYP1B1_RNA']",4
229,CYP2A13,"['CYP2A13_SNP', 'CYP2A13_MET', 'CYP2A13_CNV', 'CYP2A13_RNA']",4
230,CYP2A6,"['CYP2A6_SNP', 'CYP2A6_MET', 'CYP2A6_CNV', 'CYP2A6_RNA']",4
231,CYP2B6,"['CYP2B6_SNP', 'CYP2B6_MET', 'CYP2B6_CNV', 'CYP2B6_RNA']",4
232,CYP2C18,"['CYP2C18_SNP', 'CYP2C18_MET', 'CYP2C18_CNV', 'CYP2C18_RNA']",4
233,CYP2C19,"['CYP2C19_SNP', 'CYP2C19_MET', 'CYP2C19_CNV', 'CYP2C19_RNA']",4
234,CYP2C8,"['CYP2C8_SNP', 'CYP2C8_MET', 'CYP2C8_CNV', 'CYP2C8_RNA']",4
235,CYP2C9,"['CYP2C9_SNP', 'CYP2C9_MET', 'CYP2C9_CNV', 'CYP2C9_RNA']",4
236,CYP2D6,"['CYP2D6_SNP', 'CYP2D6_MET', 'CYP2D6_CNV', 'CYP2D6_RNA']",4
237,CYP2E1,"['CYP2E1_SNP', 'CYP2E1_MET', 'CYP2E1_CNV', 'CYP2E1_RNA']",4
238,CYP2J2,"['CYP2J2_SNP', 'CYP2J2_MET', 'CYP2J2_CNV', 'CYP2J2_RNA']",4
239,CYP2W1,"['CYP2W1_SNP', 'CYP2W1_MET', 'CYP2W1_CNV', 'CYP2W1_RNA']",4
240,CYP3A4,"['CYP3A4_SNP', 'CYP3A4_MET', 'CYP3A4_CNV', 'CYP3A4_RNA']",4
241,CYP3A43,"['CYP3A43_SNP', 'CYP3A43_MET', 'CYP3A43_CNV', 'CYP3A43_RNA']",4
242,CYP3A5,"['CYP3A5_SNP', 'CYP3A5_MET', 'CYP3A5_CNV', 'CYP3A5_RNA']",4
243,CYP3A7,"['CYP3A7_SNP', 'CYP3A7_MET', 'CYP3A7_CNV', 'CYP3A7_RNA']",4
244,CYP4F2,"['CYP4F2_SNP', 'CYP4F2_MET', 'CYP4F2_CNV', 'CYP4F2_RNA']",4
245,CYP4F3,"['CYP4F3_SNP', 'CYP4F3_MET', 'CYP4F3_CNV', 'CYP4F3_RNA']",4
246,CYP7A1,"['CYP7A1_SNP', 'CYP7A1_MET', 'CYP7A1_CNV', 'CYP7A1_RNA']",4
247,CYSLTR1,"['CYSLTR1_SNP', 'CYSLTR1_MET', 'CYSLTR1_CNV', 'CYSLTR1_RNA']",4
248,DBH,"['DBH_SNP', 'DBH_MET', 'DBH_CNV', 'DBH_RNA']",4
249,DBI,"['DBI_SNP', 'DBI_MET', 'DBI_CNV', 'DBI_RNA']",4
250,DCK,"['DCK_SNP', 'DCK_MET', 'DCK_CNV', 'DCK_RNA']",4
251,DCTD,"['DCTD_SNP', 'DCTD_MET', 'DCTD_CNV', 'DCTD_RNA']",4
252,DDC,"['DDC_SNP', 'DDC_MET', 'DDC_CNV', 'DDC_RNA']",4
253,DDIT3,"['DDIT3_SNP', 'DDIT3_MET', 'DDIT3_CNV', 'DDIT3_RNA']",4
254,DGAT1,"['DGAT1_SNP', 'DGAT1_MET', 'DGAT1_CNV', 'DGAT1_RNA']",4
255,DHFR,"['DHFR_SNP', 'DHFR_MET', 'DHFR_CNV', 'DHFR_RNA']",4
256,DPEP1,"['DPEP1_SNP', 'DPEP1_MET', 'DPEP1_CNV', 'DPEP1_RNA']",4
257,DPEP2,"['DPEP2_SNP', 'DPEP2_MET', 'DPEP2_CNV', 'DPEP2_RNA']",4
258,DPEP3,"['DPEP3_SNP', 'DPEP3_MET', 'DPEP3_CNV', 'DPEP3_RNA']",4
259,DPP4,"['DPP4_SNP', 'DPP4_MET', 'DPP4_CNV', 'DPP4_RNA']",4
260,DPYD,"['DPYD_SNP', 'DPYD_MET', 'DPYD_CNV', 'DPYD_RNA']",4
261,DPYS,"['DPYS_SNP', 'DPYS_MET', 'DPYS_CNV', 'DPYS_RNA']",4
262,DRD1,"['DRD1_SNP', 'DRD1_MET', 'DRD1_CNV', 'DRD1_RNA']",4
263,DRD2,"['DRD2_SNP', 'DRD2_MET', 'DRD2_CNV', 'DRD2_RNA']",4
264,DRD3,"['DRD3_SNP', 'DRD3_MET', 'DRD3_CNV', 'DRD3_RNA']",4
265,DRD4,"['DRD4_SNP', 'DRD4_MET', 'DRD4_CNV', 'DRD4_RNA']",4
266,DRD5,"['DRD5_SNP', 'DRD5_MET', 'DRD5_CNV', 'DRD5_RNA']",4
267,DTYMK,"['DTYMK_SNP', 'DTYMK_MET', 'DTYMK_CNV', 'DTYMK_RNA']",4
268,ECH1,"['ECH1_SNP', 'ECH1_MET', 'ECH1_CNV', 'ECH1_RNA']",4
269,EGF,"['EGF_SNP', 'EGF_MET', 'EGF_CNV', 'EGF_RNA']",4
270,EGFR,"['EGFR_SNP', 'EGFR_MET', 'EGFR_CNV', 'EGFR_RNA']",4
271,EIF2AK2,"['EIF2AK2_SNP', 'EIF2AK2_MET', 'EIF2AK2_CNV', 'EIF2AK2_RNA']",4
272,ELF2,"['ELF2_SNP', 'ELF2_MET', 'ELF2_CNV', 'ELF2_RNA']",4
273,ELK1,"['ELK1_SNP', 'ELK1_MET', 'ELK1_CNV', 'ELK1_RNA']",4
274,EPHX1,"['EPHX1_SNP', 'EPHX1_MET', 'EPHX1_CNV', 'EPHX1_RNA']",4
275,ERBB2,"['ERBB2_SNP', 'ERBB2_MET', 'ERBB2_CNV', 'ERBB2_RNA']",4
276,ERBB3,"['ERBB3_SNP', 'ERBB3_MET', 'ERBB3_CNV', 'ERBB3_RNA']",4
277,ERBB4,"['ERBB4_SNP', 'ERBB4_MET', 'ERBB4_CNV', 'ERBB4_RNA']",4
278,ERCC1,"['ERCC1_SNP', 'ERCC1_MET', 'ERCC1_CNV', 'ERCC1_RNA']",4
279,ERCC2,"['ERCC2_SNP', 'ERCC2_MET', 'ERCC2_CNV', 'ERCC2_RNA']",4
280,ERCC4,"['ERCC4_SNP', 'ERCC4_MET', 'ERCC4_CNV', 'ERCC4_RNA']",4
281,EREG,"['EREG_SNP', 'EREG_MET', 'EREG_CNV', 'EREG_RNA']",4
282,ESR1,"['ESR1_SNP', 'ESR1_MET', 'ESR1_CNV', 'ESR1_RNA']",4
283,ESR2,"['ESR2_SNP', 'ESR2_MET', 'ESR2_CNV', 'ESR2_RNA']",4
284,ETS1,"['ETS1_SNP', 'ETS1_MET', 'ETS1_CNV', 'ETS1_RNA']",4
285,F10,"['F10_SNP', 'F10_MET', 'F10_CNV', 'F10_RNA']",4
286,F2,"['F2_SNP', 'F2_MET', 'F2_CNV', 'F2_RNA']",4
287,F2R,"['F2R_SNP', 'F2R_MET', 'F2R_CNV', 'F2R_RNA']",4
288,F2RL3,"['F2RL3_SNP', 'F2RL3_MET', 'F2RL3_CNV', 'F2RL3_RNA']",4
289,F3,"['F3_SNP', 'F3_MET', 'F3_CNV', 'F3_RNA']",4
290,F7,"['F7_SNP', 'F7_MET', 'F7_CNV', 'F7_RNA']",4
291,F9,"['F9_SNP', 'F9_MET', 'F9_CNV', 'F9_RNA']",4
292,FAAH,"['FAAH_SNP', 'FAAH_MET', 'FAAH_CNV', 'FAAH_RNA']",4
293,FCGR1A,"['FCGR1A_SNP', 'FCGR1A_MET', 'FCGR1A_CNV', 'FCGR1A_RNA']",4
294,FCGR2A,"['FCGR2A_SNP', 'FCGR2A_MET', 'FCGR2A_CNV', 'FCGR2A_RNA']",4
295,FCGR3A,"['FCGR3A_SNP', 'FCGR3A_MET', 'FCGR3A_CNV', 'FCGR3A_RNA']",4
296,FDFT1,"['FDFT1_SNP', 'FDFT1_MET', 'FDFT1_CNV', 'FDFT1_RNA']",4
297,FDPS,"['FDPS_SNP', 'FDPS_MET', 'FDPS_CNV', 'FDPS_RNA']",4
298,FGA,"['FGA_SNP', 'FGA_MET', 'FGA_CNV', 'FGA_RNA']",4
299,FGB,"['FGB_SNP', 'FGB_MET', 'FGB_CNV', 'FGB_RNA']",4
300,FGF1,"['FGF1_SNP', 'FGF1_MET', 'FGF1_CNV', 'FGF1_RNA']",4
301,FGF2,"['FGF2_SNP', 'FGF2_MET', 'FGF2_CNV', 'FGF2_RNA']",4
302,FGF3,"['FGF3_SNP', 'FGF3_MET', 'FGF3_CNV', 'FGF3_RNA']",4
303,FGF4,"['FGF4_SNP', 'FGF4_MET', 'FGF4_CNV', 'FGF4_RNA']",4
304,FGF5,"['FGF5_SNP', 'FGF5_MET', 'FGF5_CNV', 'FGF5_RNA']",4
305,FGF6,"['FGF6_SNP', 'FGF6_MET', 'FGF6_CNV', 'FGF6_RNA']",4
306,FGF7,"['FGF7_SNP', 'FGF7_MET', 'FGF7_CNV', 'FGF7_RNA']",4
307,FGFR1,"['FGFR1_SNP', 'FGFR1_MET', 'FGFR1_CNV', 'FGFR1_RNA']",4
308,FGFR1OP2,"['FGFR1OP2_SNP', 'FGFR1OP2_MET', 'FGFR1OP2_CNV', 'FGFR1OP2_RNA']",4
309,FGFR2,"['FGFR2_SNP', 'FGFR2_MET', 'FGFR2_CNV', 'FGFR2_RNA']",4
310,FGFR3,"['FGFR3_SNP', 'FGFR3_MET', 'FGFR3_CNV', 'FGFR3_RNA']",4
311,FGFR4,"['FGFR4_SNP', 'FGFR4_MET', 'FGFR4_CNV', 'FGFR4_RNA']",4
312,FGFRL1,"['FGFRL1_SNP', 'FGFRL1_MET', 'FGFRL1_CNV', 'FGFRL1_RNA']",4
313,FGG,"['FGG_SNP', 'FGG_MET', 'FGG_CNV', 'FGG_RNA']",4
314,FKBP1A,"['FKBP1A_SNP', 'FKBP1A_MET', 'FKBP1A_CNV', 'FKBP1A_RNA']",4
315,FLT1,"['FLT1_SNP', 'FLT1_MET', 'FLT1_CNV', 'FLT1_RNA']",4
316,FLT3,"['FLT3_SNP', 'FLT3_MET', 'FLT3_CNV', 'FLT3_RNA']",4
317,FLT4,"['FLT4_SNP', 'FLT4_MET', 'FLT4_CNV', 'FLT4_RNA']",4
318,FMO1,"['FMO1_SNP', 'FMO1_MET', 'FMO1_CNV', 'FMO1_RNA']",4
319,FMO2,"['FMO2_SNP', 'FMO2_MET', 'FMO2_CNV', 'FMO2_RNA']",4
320,FMO3,"['FMO3_SNP', 'FMO3_MET', 'FMO3_CNV', 'FMO3_RNA']",4
321,FMO4,"['FMO4_SNP', 'FMO4_MET', 'FMO4_CNV', 'FMO4_RNA']",4
322,FMO5,"['FMO5_SNP', 'FMO5_MET', 'FMO5_CNV', 'FMO5_RNA']",4
323,FOLR1,"['FOLR1_SNP', 'FOLR1_MET', 'FOLR1_CNV', 'FOLR1_RNA']",4
324,FOS,"['FOS_SNP', 'FOS_MET', 'FOS_CNV', 'FOS_RNA']",4
325,FOSB,"['FOSB_SNP', 'FOSB_MET', 'FOSB_CNV', 'FOSB_RNA']",4
326,FOSL1,"['FOSL1_SNP', 'FOSL1_MET', 'FOSL1_CNV', 'FOSL1_RNA']",4
327,FOSL2,"['FOSL2_SNP', 'FOSL2_MET', 'FOSL2_CNV', 'FOSL2_RNA']",4
328,FPGS,"['FPGS_SNP', 'FPGS_MET', 'FPGS_CNV', 'FPGS_RNA']",4
329,FXYD2,"['FXYD2_SNP', 'FXYD2_MET', 'FXYD2_CNV', 'FXYD2_RNA']",4
330,G6PD,"['G6PD_SNP', 'G6PD_MET', 'G6PD_CNV', 'G6PD_RNA']",4
331,GABRA1,"['GABRA1_SNP', 'GABRA1_MET', 'GABRA1_CNV', 'GABRA1_RNA']",4
332,GABRB2,"['GABRB2_SNP', 'GABRB2_MET', 'GABRB2_CNV', 'GABRB2_RNA']",4
333,GABRG2,"['GABRG2_SNP', 'GABRG2_MET', 'GABRG2_CNV', 'GABRG2_RNA']",4
334,GADD45A,"['GADD45A_SNP', 'GADD45A_MET', 'GADD45A_CNV', 'GADD45A_RNA']",4
335,GART,"['GART_SNP', 'GART_MET', 'GART_CNV', 'GART_RNA']",4
336,GCG,"['GCG_SNP', 'GCG_MET', 'GCG_CNV', 'GCG_RNA']",4
337,GCK,"['GCK_SNP', 'GCK_MET', 'GCK_CNV', 'GCK_RNA']",4
338,GDA,"['GDA_SNP', 'GDA_MET', 'GDA_CNV', 'GDA_RNA']",4
339,GGCX,"['GGCX_SNP', 'GGCX_MET', 'GGCX_CNV', 'GGCX_RNA']",4
340,GGH,"['GGH_SNP', 'GGH_MET', 'GGH_CNV', 'GGH_RNA']",4
341,GGT1,"['GGT1_SNP', 'GGT1_MET', 'GGT1_CNV', 'GGT1_RNA']",4
342,GHRL,"['GHRL_SNP', 'GHRL_MET', 'GHRL_CNV', 'GHRL_RNA']",4
343,GHSR,"['GHSR_SNP', 'GHSR_MET', 'GHSR_CNV', 'GHSR_RNA']",4
344,GIP,"['GIP_SNP', 'GIP_MET', 'GIP_CNV', 'GIP_RNA']",4
345,GLP1R,"['GLP1R_SNP', 'GLP1R_MET', 'GLP1R_CNV', 'GLP1R_RNA']",4
346,GMPS,"['GMPS_SNP', 'GMPS_MET', 'GMPS_CNV', 'GMPS_RNA']",4
347,GNA11,"['GNA11_SNP', 'GNA11_MET', 'GNA11_CNV', 'GNA11_RNA']",4
348,GNA12,"['GNA12_SNP', 'GNA12_MET', 'GNA12_CNV', 'GNA12_RNA']",4
349,GNA13,"['GNA13_SNP', 'GNA13_MET', 'GNA13_CNV', 'GNA13_RNA']",4
350,GNA15,"['GNA15_SNP', 'GNA15_MET', 'GNA15_CNV', 'GNA15_RNA']",4
351,GNAI1,"['GNAI1_SNP', 'GNAI1_MET', 'GNAI1_CNV', 'GNAI1_RNA']",4
352,GNAI2,"['GNAI2_SNP', 'GNAI2_MET', 'GNAI2_CNV', 'GNAI2_RNA']",4
353,GNAI3,"['GNAI3_SNP', 'GNAI3_MET', 'GNAI3_CNV', 'GNAI3_RNA']",4
354,GNAQ,"['GNAQ_SNP', 'GNAQ_MET', 'GNAQ_CNV', 'GNAQ_RNA']",4
355,GNAS,"['GNAS_SNP', 'GNAS_MET', 'GNAS_CNV', 'GNAS_RNA']",4
356,GNB1,"['GNB1_SNP', 'GNB1_MET', 'GNB1_CNV', 'GNB1_RNA']",4
357,GNB1L,"['GNB1L_SNP', 'GNB1L_MET', 'GNB1L_CNV', 'GNB1L_RNA']",4
358,GNB2,"['GNB2_SNP', 'GNB2_MET', 'GNB2_CNV', 'GNB2_RNA']",4
359,GNB3,"['GNB3_SNP', 'GNB3_MET', 'GNB3_CNV', 'GNB3_RNA']",4
360,GNB4,"['GNB4_SNP', 'GNB4_MET', 'GNB4_CNV', 'GNB4_RNA']",4
361,GNG2,"['GNG2_SNP', 'GNG2_MET', 'GNG2_CNV', 'GNG2_RNA']",4
362,GNG3,"['GNG3_SNP', 'GNG3_MET', 'GNG3_CNV', 'GNG3_RNA']",4
363,GNG4,"['GNG4_SNP', 'GNG4_MET', 'GNG4_CNV', 'GNG4_RNA']",4
364,GNG5,"['GNG5_SNP', 'GNG5_MET', 'GNG5_CNV', 'GNG5_RNA']",4
365,GNG7,"['GNG7_SNP', 'GNG7_MET', 'GNG7_CNV', 'GNG7_RNA']",4
366,GOT1,"['GOT1_SNP', 'GOT1_MET', 'GOT1_CNV', 'GOT1_RNA']",4
367,GOT1L1,"['GOT1L1_SNP', 'GOT1L1_MET', 'GOT1L1_CNV', 'GOT1L1_RNA']",4
368,GOT2,"['GOT2_SNP', 'GOT2_MET', 'GOT2_CNV', 'GOT2_RNA']",4
369,GP1BB,"['GP1BB_SNP', 'GP1BB_MET', 'GP1BB_CNV', 'GP1BB_RNA']",4
370,GP5,"['GP5_SNP', 'GP5_MET', 'GP5_CNV', 'GP5_RNA']",4
371,GP6,"['GP6_SNP', 'GP6_MET', 'GP6_CNV', 'GP6_RNA']",4
372,GP9,"['GP9_SNP', 'GP9_MET', 'GP9_CNV', 'GP9_RNA']",4
373,GPAM,"['GPAM_SNP', 'GPAM_MET', 'GPAM_CNV', 'GPAM_RNA']",4
374,GPI,"['GPI_SNP', 'GPI_MET', 'GPI_CNV', 'GPI_RNA']",4
375,GPR182,"['GPR182_SNP', 'GPR182_MET', 'GPR182_CNV', 'GPR182_RNA']",4
376,GPR65,"['GPR65_SNP', 'GPR65_MET', 'GPR65_CNV', 'GPR65_RNA']",4
377,GPX1,"['GPX1_SNP', 'GPX1_MET', 'GPX1_CNV', 'GPX1_RNA']",4
378,GRB2,"['GRB2_SNP', 'GRB2_MET', 'GRB2_CNV', 'GRB2_RNA']",4
379,GSR,"['GSR_SNP', 'GSR_MET', 'GSR_CNV', 'GSR_RNA']",4
380,GSTA1,"['GSTA1_SNP', 'GSTA1_MET', 'GSTA1_CNV', 'GSTA1_RNA']",4
381,GSTA2,"['GSTA2_SNP', 'GSTA2_MET', 'GSTA2_CNV', 'GSTA2_RNA']",4
382,GSTM1,"['GSTM1_SNP', 'GSTM1_MET', 'GSTM1_CNV', 'GSTM1_RNA']",4
383,GSTP1,"['GSTP1_SNP', 'GSTP1_MET', 'GSTP1_CNV', 'GSTP1_RNA']",4
384,GUK1,"['GUK1_SNP', 'GUK1_MET', 'GUK1_CNV', 'GUK1_RNA']",4
385,HBEGF,"['HBEGF_SNP', 'HBEGF_MET', 'HBEGF_CNV', 'HBEGF_RNA']",4
386,HDAC1,"['HDAC1_SNP', 'HDAC1_MET', 'HDAC1_CNV', 'HDAC1_RNA']",4
387,HDAC11,"['HDAC11_SNP', 'HDAC11_MET', 'HDAC11_CNV', 'HDAC11_RNA']",4
388,HDAC9,"['HDAC9_SNP', 'HDAC9_MET', 'HDAC9_CNV', 'HDAC9_RNA']",4
389,HINT1,"['HINT1_SNP', 'HINT1_MET', 'HINT1_CNV', 'HINT1_RNA']",4
390,HK1,"['HK1_SNP', 'HK1_MET', 'HK1_CNV', 'HK1_RNA']",4
391,HMGCR,"['HMGCR_SNP', 'HMGCR_MET', 'HMGCR_CNV', 'HMGCR_RNA']",4
392,HMGCS1,"['HMGCS1_SNP', 'HMGCS1_MET', 'HMGCS1_CNV', 'HMGCS1_RNA']",4
393,HNF1A,"['HNF1A_SNP', 'HNF1A_MET', 'HNF1A_CNV', 'HNF1A_RNA']",4
394,HNF1B,"['HNF1B_SNP', 'HNF1B_MET', 'HNF1B_CNV', 'HNF1B_RNA']",4
395,HNF4A,"['HNF4A_SNP', 'HNF4A_MET', 'HNF4A_CNV', 'HNF4A_RNA']",4
396,HPGDS,"['HPGDS_SNP', 'HPGDS_MET', 'HPGDS_CNV', 'HPGDS_RNA']",4
397,HPRT1,"['HPRT1_SNP', 'HPRT1_MET', 'HPRT1_CNV', 'HPRT1_RNA']",4
398,HRAS,"['HRAS_SNP', 'HRAS_MET', 'HRAS_CNV', 'HRAS_RNA']",4
399,HRH2,"['HRH2_SNP', 'HRH2_MET', 'HRH2_CNV', 'HRH2_RNA']",4
400,HSD11B1,"['HSD11B1_SNP', 'HSD11B1_MET', 'HSD11B1_CNV', 'HSD11B1_RNA']",4
401,HSD11B2,"['HSD11B2_SNP', 'HSD11B2_MET', 'HSD11B2_CNV', 'HSD11B2_RNA']",4
402,HSD17B1,"['HSD17B1_SNP', 'HSD17B1_MET', 'HSD17B1_CNV', 'HSD17B1_RNA']",4
403,HSD17B10,"['HSD17B10_SNP', 'HSD17B10_MET', 'HSD17B10_CNV', 'HSD17B10_RNA']",4
404,HSD3B1,"['HSD3B1_SNP', 'HSD3B1_MET', 'HSD3B1_CNV', 'HSD3B1_RNA']",4
405,HSD3B2,"['HSD3B2_SNP', 'HSD3B2_MET', 'HSD3B2_CNV', 'HSD3B2_RNA']",4
406,HTR1A,"['HTR1A_SNP', 'HTR1A_MET', 'HTR1A_CNV', 'HTR1A_RNA']",4
407,HTR1B,"['HTR1B_SNP', 'HTR1B_MET', 'HTR1B_CNV', 'HTR1B_RNA']",4
408,HTR1D,"['HTR1D_SNP', 'HTR1D_MET', 'HTR1D_CNV', 'HTR1D_RNA']",4
409,HTR1E,"['HTR1E_SNP', 'HTR1E_MET', 'HTR1E_CNV', 'HTR1E_RNA']",4
410,HTR1F,"['HTR1F_SNP', 'HTR1F_MET', 'HTR1F_CNV', 'HTR1F_RNA']",4
411,HTR2A,"['HTR2A_SNP', 'HTR2A_MET', 'HTR2A_CNV', 'HTR2A_RNA']",4
412,HTR2C,"['HTR2C_SNP', 'HTR2C_MET', 'HTR2C_CNV', 'HTR2C_RNA']",4
413,HTR3A,"['HTR3A_SNP', 'HTR3A_MET', 'HTR3A_CNV', 'HTR3A_RNA']",4
414,HTR4,"['HTR4_SNP', 'HTR4_MET', 'HTR4_CNV', 'HTR4_RNA']",4
415,HTR6,"['HTR6_SNP', 'HTR6_MET', 'HTR6_CNV', 'HTR6_RNA']",4
416,HTR7,"['HTR7_SNP', 'HTR7_MET', 'HTR7_CNV', 'HTR7_RNA']",4
417,IFNAR1,"['IFNAR1_SNP', 'IFNAR1_MET', 'IFNAR1_CNV', 'IFNAR1_RNA']",4
418,IFNAR2,"['IFNAR2_SNP', 'IFNAR2_MET', 'IFNAR2_CNV', 'IFNAR2_RNA']",4
419,IGFBP3,"['IGFBP3_SNP', 'IGFBP3_MET', 'IGFBP3_CNV', 'IGFBP3_RNA']",4
420,IL10,"['IL10_SNP', 'IL10_MET', 'IL10_CNV', 'IL10_RNA']",4
421,IL10RB,"['IL10RB_SNP', 'IL10RB_MET', 'IL10RB_CNV', 'IL10RB_RNA']",4
422,IL2,"['IL2_SNP', 'IL2_MET', 'IL2_CNV', 'IL2_RNA']",4
423,IL6,"['IL6_SNP', 'IL6_MET', 'IL6_CNV', 'IL6_RNA']",4
424,IMPDH1,"['IMPDH1_SNP', 'IMPDH1_MET', 'IMPDH1_CNV', 'IMPDH1_RNA']",4
425,IMPDH2,"['IMPDH2_SNP', 'IMPDH2_MET', 'IMPDH2_CNV', 'IMPDH2_RNA']",4
426,INS,"['INS_SNP', 'INS_MET', 'INS_CNV', 'INS_RNA']",4
427,INSIG2,"['INSIG2_SNP', 'INSIG2_MET', 'INSIG2_CNV', 'INSIG2_RNA']",4
428,INSR,"['INSR_SNP', 'INSR_MET', 'INSR_CNV', 'INSR_RNA']",4
429,IRF3,"['IRF3_SNP', 'IRF3_MET', 'IRF3_CNV', 'IRF3_RNA']",4
430,IRF7,"['IRF7_SNP', 'IRF7_MET', 'IRF7_CNV', 'IRF7_RNA']",4
431,IRF9,"['IRF9_SNP', 'IRF9_MET', 'IRF9_CNV', 'IRF9_RNA']",4
432,IRS1,"['IRS1_SNP', 'IRS1_MET', 'IRS1_CNV', 'IRS1_RNA']",4
433,IRS2,"['IRS2_SNP', 'IRS2_MET', 'IRS2_CNV', 'IRS2_RNA']",4
434,ISL1,"['ISL1_SNP', 'ISL1_MET', 'ISL1_CNV', 'ISL1_RNA']",4
435,ITGA2,"['ITGA2_SNP', 'ITGA2_MET', 'ITGA2_CNV', 'ITGA2_RNA']",4
436,ITGA2B,"['ITGA2B_SNP', 'ITGA2B_MET', 'ITGA2B_CNV', 'ITGA2B_RNA']",4
437,ITGAV,"['ITGAV_SNP', 'ITGAV_MET', 'ITGAV_CNV', 'ITGAV_RNA']",4
438,ITGB3,"['ITGB3_SNP', 'ITGB3_MET', 'ITGB3_CNV', 'ITGB3_RNA']",4
439,ITGB5,"['ITGB5_SNP', 'ITGB5_MET', 'ITGB5_CNV', 'ITGB5_RNA']",4
440,ITPA,"['ITPA_SNP', 'ITPA_MET', 'ITPA_CNV', 'ITPA_RNA']",4
441,ITPR1,"['ITPR1_SNP', 'ITPR1_MET', 'ITPR1_CNV', 'ITPR1_RNA']",4
442,IVD,"['IVD_SNP', 'IVD_MET', 'IVD_CNV', 'IVD_RNA']",4
443,JAK1,"['JAK1_SNP', 'JAK1_MET', 'JAK1_CNV', 'JAK1_RNA']",4
444,JAK3,"['JAK3_SNP', 'JAK3_MET', 'JAK3_CNV', 'JAK3_RNA']",4
445,JDP2,"['JDP2_SNP', 'JDP2_MET', 'JDP2_CNV', 'JDP2_RNA']",4
446,JUN,"['JUN_SNP', 'JUN_MET', 'JUN_CNV', 'JUN_RNA']",4
447,JUNB,"['JUNB_SNP', 'JUNB_MET', 'JUNB_CNV', 'JUNB_RNA']",4
448,JUND,"['JUND_SNP', 'JUND_MET', 'JUND_CNV', 'JUND_RNA']",4
449,KCNH2,"['KCNH2_SNP', 'KCNH2_MET', 'KCNH2_CNV', 'KCNH2_RNA']",4
450,KCNJ1,"['KCNJ1_SNP', 'KCNJ1_MET', 'KCNJ1_CNV', 'KCNJ1_RNA']",4
451,KCNJ11,"['KCNJ11_SNP', 'KCNJ11_MET', 'KCNJ11_CNV', 'KCNJ11_RNA']",4
452,KCNK3,"['KCNK3_SNP', 'KCNK3_MET', 'KCNK3_CNV', 'KCNK3_RNA']",4
453,KCNK9,"['KCNK9_SNP', 'KCNK9_MET', 'KCNK9_CNV', 'KCNK9_RNA']",4
454,KCNQ1,"['KCNQ1_SNP', 'KCNQ1_MET', 'KCNQ1_CNV', 'KCNQ1_RNA']",4
455,KCNQ2,"['KCNQ2_SNP', 'KCNQ2_MET', 'KCNQ2_CNV', 'KCNQ2_RNA']",4
456,KCNQ3,"['KCNQ3_SNP', 'KCNQ3_MET', 'KCNQ3_CNV', 'KCNQ3_RNA']",4
457,KCNQ4,"['KCNQ4_SNP', 'KCNQ4_MET', 'KCNQ4_CNV', 'KCNQ4_RNA']",4
458,KCNQ5,"['KCNQ5_SNP', 'KCNQ5_MET', 'KCNQ5_CNV', 'KCNQ5_RNA']",4
459,KDR,"['KDR_SNP', 'KDR_MET', 'KDR_CNV', 'KDR_RNA']",4
460,KHK,"['KHK_SNP', 'KHK_MET', 'KHK_CNV', 'KHK_RNA']",4
461,KIT,"['KIT_SNP', 'KIT_MET', 'KIT_CNV', 'KIT_RNA']",4
462,KNG1,"['KNG1_SNP', 'KNG1_MET', 'KNG1_CNV', 'KNG1_RNA']",4
463,KRAS,"['KRAS_SNP', 'KRAS_MET', 'KRAS_CNV', 'KRAS_RNA']",4
464,LCAT,"['LCAT_SNP', 'LCAT_MET', 'LCAT_CNV', 'LCAT_RNA']",4
465,LDLR,"['LDLR_SNP', 'LDLR_MET', 'LDLR_CNV', 'LDLR_RNA']",4
466,LEP,"['LEP_SNP', 'LEP_MET', 'LEP_CNV', 'LEP_RNA']",4
467,LEPR,"['LEPR_SNP', 'LEPR_MET', 'LEPR_CNV', 'LEPR_RNA']",4
468,LGALS9,"['LGALS9_SNP', 'LGALS9_MET', 'LGALS9_CNV', 'LGALS9_RNA']",4
469,LIPC,"['LIPC_SNP', 'LIPC_MET', 'LIPC_CNV', 'LIPC_RNA']",4
470,LPL,"['LPL_SNP', 'LPL_MET', 'LPL_CNV', 'LPL_RNA']",4
471,LRP1,"['LRP1_SNP', 'LRP1_MET', 'LRP1_CNV', 'LRP1_RNA']",4
472,LTA4H,"['LTA4H_SNP', 'LTA4H_MET', 'LTA4H_CNV', 'LTA4H_RNA']",4
473,LTB4R,"['LTB4R_SNP', 'LTB4R_MET', 'LTB4R_CNV', 'LTB4R_RNA']",4
474,LTC4S,"['LTC4S_SNP', 'LTC4S_MET', 'LTC4S_CNV', 'LTC4S_RNA']",4
475,MAF,"['MAF_SNP', 'MAF_MET', 'MAF_CNV', 'MAF_RNA']",4
476,MAFA,"['MAFA_SNP', 'MAFA_MET', 'MAFA_CNV', 'MAFA_RNA']",4
477,MAFB,"['MAFB_SNP', 'MAFB_MET', 'MAFB_CNV', 'MAFB_RNA']",4
478,MAFF,"['MAFF_SNP', 'MAFF_MET', 'MAFF_CNV', 'MAFF_RNA']",4
479,MAFG,"['MAFG_SNP', 'MAFG_MET', 'MAFG_CNV', 'MAFG_RNA']",4
480,MAFK,"['MAFK_SNP', 'MAFK_MET', 'MAFK_CNV', 'MAFK_RNA']",4
481,MAOA,"['MAOA_SNP', 'MAOA_MET', 'MAOA_CNV', 'MAOA_RNA']",4
482,MAOB,"['MAOB_SNP', 'MAOB_MET', 'MAOB_CNV', 'MAOB_RNA']",4
483,MAP2K1,"['MAP2K1_SNP', 'MAP2K1_MET', 'MAP2K1_CNV', 'MAP2K1_RNA']",4
484,MAP2K2,"['MAP2K2_SNP', 'MAP2K2_MET', 'MAP2K2_CNV', 'MAP2K2_RNA']",4
485,MAP2K3,"['MAP2K3_SNP', 'MAP2K3_MET', 'MAP2K3_CNV', 'MAP2K3_RNA']",4
486,MAP2K4,"['MAP2K4_SNP', 'MAP2K4_MET', 'MAP2K4_CNV', 'MAP2K4_RNA']",4
487,MAP2K5,"['MAP2K5_SNP', 'MAP2K5_MET', 'MAP2K5_CNV', 'MAP2K5_RNA']",4
488,MAP2K6,"['MAP2K6_SNP', 'MAP2K6_MET', 'MAP2K6_CNV', 'MAP2K6_RNA']",4
489,MAP2K7,"['MAP2K7_SNP', 'MAP2K7_MET', 'MAP2K7_CNV', 'MAP2K7_RNA']",4
490,MAP3K1,"['MAP3K1_SNP', 'MAP3K1_MET', 'MAP3K1_CNV', 'MAP3K1_RNA']",4
491,MAP3K11,"['MAP3K11_SNP', 'MAP3K11_MET', 'MAP3K11_CNV', 'MAP3K11_RNA']",4
492,MAP3K7,"['MAP3K7_SNP', 'MAP3K7_MET', 'MAP3K7_CNV', 'MAP3K7_RNA']",4
493,MAPK1,"['MAPK1_SNP', 'MAPK1_MET', 'MAPK1_CNV', 'MAPK1_RNA']",4
494,MAPK10,"['MAPK10_SNP', 'MAPK10_MET', 'MAPK10_CNV', 'MAPK10_RNA']",4
495,MAPK11,"['MAPK11_SNP', 'MAPK11_MET', 'MAPK11_CNV', 'MAPK11_RNA']",4
496,MAPK12,"['MAPK12_SNP', 'MAPK12_MET', 'MAPK12_CNV', 'MAPK12_RNA']",4
497,MAPK13,"['MAPK13_SNP', 'MAPK13_MET', 'MAPK13_CNV', 'MAPK13_RNA']",4
498,MAPK14,"['MAPK14_SNP', 'MAPK14_MET', 'MAPK14_CNV', 'MAPK14_RNA']",4
499,MAPK3,"['MAPK3_SNP', 'MAPK3_MET', 'MAPK3_CNV', 'MAPK3_RNA']",4
500,MAPK4,"['MAPK4_SNP', 'MAPK4_MET', 'MAPK4_CNV', 'MAPK4_RNA']",4
501,MAPK6,"['MAPK6_SNP', 'MAPK6_MET', 'MAPK6_CNV', 'MAPK6_RNA']",4
502,MAPK7,"['MAPK7_SNP', 'MAPK7_MET', 'MAPK7_CNV', 'MAPK7_RNA']",4
503,MAPK8,"['MAPK8_SNP', 'MAPK8_MET', 'MAPK8_CNV', 'MAPK8_RNA']",4
504,MAPK9,"['MAPK9_SNP', 'MAPK9_MET', 'MAPK9_CNV', 'MAPK9_RNA']",4
505,MAS1,"['MAS1_SNP', 'MAS1_MET', 'MAS1_CNV', 'MAS1_RNA']",4
506,MAVS,"['MAVS_SNP', 'MAVS_MET', 'MAVS_CNV', 'MAVS_RNA']",4
507,MC4R,"['MC4R_SNP', 'MC4R_MET', 'MC4R_CNV', 'MC4R_RNA']",4
508,MET,"['MET_SNP', 'MET_MET', 'MET_CNV', 'MET_RNA']",4
509,MGMT,"['MGMT_SNP', 'MGMT_MET', 'MGMT_CNV', 'MGMT_RNA']",4
510,MGP,"['MGP_SNP', 'MGP_MET', 'MGP_CNV', 'MGP_RNA']",4
511,MLH1,"['MLH1_SNP', 'MLH1_MET', 'MLH1_CNV', 'MLH1_RNA']",4
512,MLXIPL,"['MLXIPL_SNP', 'MLXIPL_MET', 'MLXIPL_CNV', 'MLXIPL_RNA']",4
513,MLYCD,"['MLYCD_SNP', 'MLYCD_MET', 'MLYCD_CNV', 'MLYCD_RNA']",4
514,MME,"['MME_SNP', 'MME_MET', 'MME_CNV', 'MME_RNA']",4
515,MMP9,"['MMP9_SNP', 'MMP9_MET', 'MMP9_CNV', 'MMP9_RNA']",4
516,MOCOS,"['MOCOS_SNP', 'MOCOS_MET', 'MOCOS_CNV', 'MOCOS_RNA']",4
517,MPO,"['MPO_SNP', 'MPO_MET', 'MPO_CNV', 'MPO_RNA']",4
518,MRAS,"['MRAS_SNP', 'MRAS_MET', 'MRAS_CNV', 'MRAS_RNA']",4
519,MSH2,"['MSH2_SNP', 'MSH2_MET', 'MSH2_CNV', 'MSH2_RNA']",4
520,MTHFD1,"['MTHFD1_SNP', 'MTHFD1_MET', 'MTHFD1_CNV', 'MTHFD1_RNA']",4
521,MTHFR,"['MTHFR_SNP', 'MTHFR_MET', 'MTHFR_CNV', 'MTHFR_RNA']",4
522,MTHFS,"['MTHFS_SNP', 'MTHFS_MET', 'MTHFS_CNV', 'MTHFS_RNA']",4
523,MTOR,"['MTOR_SNP', 'MTOR_MET', 'MTOR_CNV', 'MTOR_RNA']",4
524,MTTP,"['MTTP_SNP', 'MTTP_MET', 'MTTP_CNV', 'MTTP_RNA']",4
525,MX1,"['MX1_SNP', 'MX1_MET', 'MX1_CNV', 'MX1_RNA']",4
526,MYC,"['MYC_SNP', 'MYC_MET', 'MYC_CNV', 'MYC_RNA']",4
527,NAAA,"['NAAA_SNP', 'NAAA_MET', 'NAAA_CNV', 'NAAA_RNA']",4
528,NAT1,"['NAT1_SNP', 'NAT1_MET', 'NAT1_CNV', 'NAT1_RNA']",4
529,NAT2,"['NAT2_SNP', 'NAT2_MET', 'NAT2_CNV', 'NAT2_RNA']",4
530,NCF4,"['NCF4_SNP', 'NCF4_MET', 'NCF4_CNV', 'NCF4_RNA']",4
531,NDUFA1,"['NDUFA1_SNP', 'NDUFA1_MET', 'NDUFA1_CNV', 'NDUFA1_RNA']",4
532,NDUFA11,"['NDUFA11_SNP', 'NDUFA11_MET', 'NDUFA11_CNV', 'NDUFA11_RNA']",4
533,NDUFA2,"['NDUFA2_SNP', 'NDUFA2_MET', 'NDUFA2_CNV', 'NDUFA2_RNA']",4
534,NDUFAB1,"['NDUFAB1_SNP', 'NDUFAB1_MET', 'NDUFAB1_CNV', 'NDUFAB1_RNA']",4
535,NDUFB4,"['NDUFB4_SNP', 'NDUFB4_MET', 'NDUFB4_CNV', 'NDUFB4_RNA']",4
536,NDUFS1,"['NDUFS1_SNP', 'NDUFS1_MET', 'NDUFS1_CNV', 'NDUFS1_RNA']",4
537,NDUFS2,"['NDUFS2_SNP', 'NDUFS2_MET', 'NDUFS2_CNV', 'NDUFS2_RNA']",4
538,NDUFS4,"['NDUFS4_SNP', 'NDUFS4_MET', 'NDUFS4_CNV', 'NDUFS4_RNA']",4
539,NDUFS6,"['NDUFS6_SNP', 'NDUFS6_MET', 'NDUFS6_CNV', 'NDUFS6_RNA']",4
540,NDUFV1,"['NDUFV1_SNP', 'NDUFV1_MET', 'NDUFV1_CNV', 'NDUFV1_RNA']",4
541,NEDD4L,"['NEDD4L_SNP', 'NEDD4L_MET', 'NEDD4L_CNV', 'NEDD4L_RNA']",4
542,NEUROD1,"['NEUROD1_SNP', 'NEUROD1_MET', 'NEUROD1_CNV', 'NEUROD1_RNA']",4
543,NFATC1,"['NFATC1_SNP', 'NFATC1_MET', 'NFATC1_CNV', 'NFATC1_RNA']",4
544,NFATC2,"['NFATC2_SNP', 'NFATC2_MET', 'NFATC2_CNV', 'NFATC2_RNA']",4
545,NFATC4,"['NFATC4_SNP', 'NFATC4_MET', 'NFATC4_CNV', 'NFATC4_RNA']",4
546,NFKB1,"['NFKB1_SNP', 'NFKB1_MET', 'NFKB1_CNV', 'NFKB1_RNA']",4
547,NFKB2,"['NFKB2_SNP', 'NFKB2_MET', 'NFKB2_CNV', 'NFKB2_RNA']",4
548,NME1,"['NME1_SNP', 'NME1_MET', 'NME1_CNV', 'NME1_RNA']",4
549,NME2,"['NME2_SNP', 'NME2_MET', 'NME2_CNV', 'NME2_RNA']",4
550,NME4,"['NME4_SNP', 'NME4_MET', 'NME4_CNV', 'NME4_RNA']",4
551,NOS1,"['NOS1_SNP', 'NOS1_MET', 'NOS1_CNV', 'NOS1_RNA']",4
552,NOS2,"['NOS2_SNP', 'NOS2_MET', 'NOS2_CNV', 'NOS2_RNA']",4
553,NOS3,"['NOS3_SNP', 'NOS3_MET', 'NOS3_CNV', 'NOS3_RNA']",4
554,NPY,"['NPY_SNP', 'NPY_MET', 'NPY_CNV', 'NPY_RNA']",4
555,NPY1R,"['NPY1R_SNP', 'NPY1R_MET', 'NPY1R_CNV', 'NPY1R_RNA']",4
556,NPY2R,"['NPY2R_SNP', 'NPY2R_MET', 'NPY2R_CNV', 'NPY2R_RNA']",4
557,NQO1,"['NQO1_SNP', 'NQO1_MET', 'NQO1_CNV', 'NQO1_RNA']",4
558,NR1I2,"['NR1I2_SNP', 'NR1I2_MET', 'NR1I2_CNV', 'NR1I2_RNA']",4
559,NR1I3,"['NR1I3_SNP', 'NR1I3_MET', 'NR1I3_CNV', 'NR1I3_RNA']",4
560,NR3C2,"['NR3C2_SNP', 'NR3C2_MET', 'NR3C2_CNV', 'NR3C2_RNA']",4
561,NRAS,"['NRAS_SNP', 'NRAS_MET', 'NRAS_CNV', 'NRAS_RNA']",4
562,NRG1,"['NRG1_SNP', 'NRG1_MET', 'NRG1_CNV', 'NRG1_RNA']",4
563,NRG2,"['NRG2_SNP', 'NRG2_MET', 'NRG2_CNV', 'NRG2_RNA']",4
564,NRG3,"['NRG3_SNP', 'NRG3_MET', 'NRG3_CNV', 'NRG3_RNA']",4
565,NRL,"['NRL_SNP', 'NRL_MET', 'NRL_CNV', 'NRL_RNA']",4
566,NRP1,"['NRP1_SNP', 'NRP1_MET', 'NRP1_CNV', 'NRP1_RNA']",4
567,NT5C,"['NT5C_SNP', 'NT5C_MET', 'NT5C_CNV', 'NT5C_RNA']",4
568,NT5C2,"['NT5C2_SNP', 'NT5C2_MET', 'NT5C2_CNV', 'NT5C2_RNA']",4
569,NT5E,"['NT5E_SNP', 'NT5E_MET', 'NT5E_CNV', 'NT5E_RNA']",4
570,NUDT15,"['NUDT15_SNP', 'NUDT15_MET', 'NUDT15_CNV', 'NUDT15_RNA']",4
571,OAS1,"['OAS1_SNP', 'OAS1_MET', 'OAS1_CNV', 'OAS1_RNA']",4
572,OGDH,"['OGDH_SNP', 'OGDH_MET', 'OGDH_CNV', 'OGDH_RNA']",4
573,ORM1,"['ORM1_SNP', 'ORM1_MET', 'ORM1_CNV', 'ORM1_RNA']",4
574,OXSR1,"['OXSR1_SNP', 'OXSR1_MET', 'OXSR1_CNV', 'OXSR1_RNA']",4
575,P2RX1,"['P2RX1_SNP', 'P2RX1_MET', 'P2RX1_CNV', 'P2RX1_RNA']",4
576,P2RY1,"['P2RY1_SNP', 'P2RY1_MET', 'P2RY1_CNV', 'P2RY1_RNA']",4
577,P2RY12,"['P2RY12_SNP', 'P2RY12_MET', 'P2RY12_CNV', 'P2RY12_RNA']",4
578,PARP1,"['PARP1_SNP', 'PARP1_MET', 'PARP1_CNV', 'PARP1_RNA']",4
579,PCK1,"['PCK1_SNP', 'PCK1_MET', 'PCK1_CNV', 'PCK1_RNA']",4
580,PCSK9,"['PCSK9_SNP', 'PCSK9_MET', 'PCSK9_CNV', 'PCSK9_RNA']",4
581,PCYT1A,"['PCYT1A_SNP', 'PCYT1A_MET', 'PCYT1A_CNV', 'PCYT1A_RNA']",4
582,PCYT2,"['PCYT2_SNP', 'PCYT2_MET', 'PCYT2_CNV', 'PCYT2_RNA']",4
583,PDE3A,"['PDE3A_SNP', 'PDE3A_MET', 'PDE3A_CNV', 'PDE3A_RNA']",4
584,PDE4A,"['PDE4A_SNP', 'PDE4A_MET', 'PDE4A_CNV', 'PDE4A_RNA']",4
585,PDE4B,"['PDE4B_SNP', 'PDE4B_MET', 'PDE4B_CNV', 'PDE4B_RNA']",4
586,PDE4C,"['PDE4C_SNP', 'PDE4C_MET', 'PDE4C_CNV', 'PDE4C_RNA']",4
587,PDE4D,"['PDE4D_SNP', 'PDE4D_MET', 'PDE4D_CNV', 'PDE4D_RNA']",4
588,PDGFA,"['PDGFA_SNP', 'PDGFA_MET', 'PDGFA_CNV', 'PDGFA_RNA']",4
589,PDGFB,"['PDGFB_SNP', 'PDGFB_MET', 'PDGFB_CNV', 'PDGFB_RNA']",4
590,PDGFC,"['PDGFC_SNP', 'PDGFC_MET', 'PDGFC_CNV', 'PDGFC_RNA']",4
591,PDGFD,"['PDGFD_SNP', 'PDGFD_MET', 'PDGFD_CNV', 'PDGFD_RNA']",4
592,PDGFRA,"['PDGFRA_SNP', 'PDGFRA_MET', 'PDGFRA_CNV', 'PDGFRA_RNA']",4
593,PDGFRB,"['PDGFRB_SNP', 'PDGFRB_MET', 'PDGFRB_CNV', 'PDGFRB_RNA']",4
594,PDK1,"['PDK1_SNP', 'PDK1_MET', 'PDK1_CNV', 'PDK1_RNA']",4
595,PDX1,"['PDX1_SNP', 'PDX1_MET', 'PDX1_CNV', 'PDX1_RNA']",4
596,PDZK1,"['PDZK1_SNP', 'PDZK1_MET', 'PDZK1_CNV', 'PDZK1_RNA']",4
597,PECAM1,"['PECAM1_SNP', 'PECAM1_MET', 'PECAM1_CNV', 'PECAM1_RNA']",4
598,PF4,"['PF4_SNP', 'PF4_MET', 'PF4_CNV', 'PF4_RNA']",4
599,PGD,"['PGD_SNP', 'PGD_MET', 'PGD_CNV', 'PGD_RNA']",4
600,PGK1,"['PGK1_SNP', 'PGK1_MET', 'PGK1_CNV', 'PGK1_RNA']",4
601,PGLS,"['PGLS_SNP', 'PGLS_MET', 'PGLS_CNV', 'PGLS_RNA']",4
602,PIAS1,"['PIAS1_SNP', 'PIAS1_MET', 'PIAS1_CNV', 'PIAS1_RNA']",4
603,PIGF,"['PIGF_SNP', 'PIGF_MET', 'PIGF_CNV', 'PIGF_RNA']",4
604,PIK3C2A,"['PIK3C2A_SNP', 'PIK3C2A_MET', 'PIK3C2A_CNV', 'PIK3C2A_RNA']",4
605,PIK3C2B,"['PIK3C2B_SNP', 'PIK3C2B_MET', 'PIK3C2B_CNV', 'PIK3C2B_RNA']",4
606,PIK3CA,"['PIK3CA_SNP', 'PIK3CA_MET', 'PIK3CA_CNV', 'PIK3CA_RNA']",4
607,PIK3CB,"['PIK3CB_SNP', 'PIK3CB_MET', 'PIK3CB_CNV', 'PIK3CB_RNA']",4
608,PIK3CD,"['PIK3CD_SNP', 'PIK3CD_MET', 'PIK3CD_CNV', 'PIK3CD_RNA']",4
609,PIK3CG,"['PIK3CG_SNP', 'PIK3CG_MET', 'PIK3CG_CNV', 'PIK3CG_RNA']",4
610,PIK3R1,"['PIK3R1_SNP', 'PIK3R1_MET', 'PIK3R1_CNV', 'PIK3R1_RNA']",4
611,PIK3R2,"['PIK3R2_SNP', 'PIK3R2_MET', 'PIK3R2_CNV', 'PIK3R2_RNA']",4
612,PIK3R3,"['PIK3R3_SNP', 'PIK3R3_MET', 'PIK3R3_CNV', 'PIK3R3_RNA']",4
613,PIK3R5,"['PIK3R5_SNP', 'PIK3R5_MET', 'PIK3R5_CNV', 'PIK3R5_RNA']",4
614,PKLR,"['PKLR_SNP', 'PKLR_MET', 'PKLR_CNV', 'PKLR_RNA']",4
615,PLA2G2A,"['PLA2G2A_SNP', 'PLA2G2A_MET', 'PLA2G2A_CNV', 'PLA2G2A_RNA']",4
616,PLA2G4A,"['PLA2G4A_SNP', 'PLA2G4A_MET', 'PLA2G4A_CNV', 'PLA2G4A_RNA']",4
617,PLA2G4B,"['PLA2G4B_SNP', 'PLA2G4B_MET', 'PLA2G4B_CNV', 'PLA2G4B_RNA']",4
618,PLCB1,"['PLCB1_SNP', 'PLCB1_MET', 'PLCB1_CNV', 'PLCB1_RNA']",4
619,PLCB2,"['PLCB2_SNP', 'PLCB2_MET', 'PLCB2_CNV', 'PLCB2_RNA']",4
620,PLCB3,"['PLCB3_SNP', 'PLCB3_MET', 'PLCB3_CNV', 'PLCB3_RNA']",4
621,PLCB4,"['PLCB4_SNP', 'PLCB4_MET', 'PLCB4_CNV', 'PLCB4_RNA']",4
622,PLCD1,"['PLCD1_SNP', 'PLCD1_MET', 'PLCD1_CNV', 'PLCD1_RNA']",4
623,PLCD3,"['PLCD3_SNP', 'PLCD3_MET', 'PLCD3_CNV', 'PLCD3_RNA']",4
624,PLCD4,"['PLCD4_SNP', 'PLCD4_MET', 'PLCD4_CNV', 'PLCD4_RNA']",4
625,PLCE1,"['PLCE1_SNP', 'PLCE1_MET', 'PLCE1_CNV', 'PLCE1_RNA']",4
626,PLCG1,"['PLCG1_SNP', 'PLCG1_MET', 'PLCG1_CNV', 'PLCG1_RNA']",4
627,PLCG2,"['PLCG2_SNP', 'PLCG2_MET', 'PLCG2_CNV', 'PLCG2_RNA']",4
628,PLCH1,"['PLCH1_SNP', 'PLCH1_MET', 'PLCH1_CNV', 'PLCH1_RNA']",4
629,PLCH2,"['PLCH2_SNP', 'PLCH2_MET', 'PLCH2_CNV', 'PLCH2_RNA']",4
630,PLCL1,"['PLCL1_SNP', 'PLCL1_MET', 'PLCL1_CNV', 'PLCL1_RNA']",4
631,PLCL2,"['PLCL2_SNP', 'PLCL2_MET', 'PLCL2_CNV', 'PLCL2_RNA']",4
632,PLCZ1,"['PLCZ1_SNP', 'PLCZ1_MET', 'PLCZ1_CNV', 'PLCZ1_RNA']",4
633,PLTP,"['PLTP_SNP', 'PLTP_MET', 'PLTP_CNV', 'PLTP_RNA']",4
634,PNP,"['PNP_SNP', 'PNP_MET', 'PNP_CNV', 'PNP_RNA']",4
635,POMC,"['POMC_SNP', 'POMC_MET', 'POMC_CNV', 'POMC_RNA']",4
636,PON1,"['PON1_SNP', 'PON1_MET', 'PON1_CNV', 'PON1_RNA']",4
637,PON3,"['PON3_SNP', 'PON3_MET', 'PON3_CNV', 'PON3_RNA']",4
638,POR,"['POR_SNP', 'POR_MET', 'POR_CNV', 'POR_RNA']",4
639,PPARG,"['PPARG_SNP', 'PPARG_MET', 'PPARG_CNV', 'PPARG_RNA']",4
640,PPARGC1A,"['PPARGC1A_SNP', 'PPARGC1A_MET', 'PPARGC1A_CNV', 'PPARGC1A_RNA']",4
641,PPAT,"['PPAT_SNP', 'PPAT_MET', 'PPAT_CNV', 'PPAT_RNA']",4
642,PPIA,"['PPIA_SNP', 'PPIA_MET', 'PPIA_CNV', 'PPIA_RNA']",4
643,PPP1CA,"['PPP1CA_SNP', 'PPP1CA_MET', 'PPP1CA_CNV', 'PPP1CA_RNA']",4
644,PPP1R1B,"['PPP1R1B_SNP', 'PPP1R1B_MET', 'PPP1R1B_CNV', 'PPP1R1B_RNA']",4
645,PPP2CA,"['PPP2CA_SNP', 'PPP2CA_MET', 'PPP2CA_CNV', 'PPP2CA_RNA']",4
646,PPP3CA,"['PPP3CA_SNP', 'PPP3CA_MET', 'PPP3CA_CNV', 'PPP3CA_RNA']",4
647,PPP3CB,"['PPP3CB_SNP', 'PPP3CB_MET', 'PPP3CB_CNV', 'PPP3CB_RNA']",4
648,PPP3CC,"['PPP3CC_SNP', 'PPP3CC_MET', 'PPP3CC_CNV', 'PPP3CC_RNA']",4
649,PPP3R1,"['PPP3R1_SNP', 'PPP3R1_MET', 'PPP3R1_CNV', 'PPP3R1_RNA']",4
650,PPP3R2,"['PPP3R2_SNP', 'PPP3R2_MET', 'PPP3R2_CNV', 'PPP3R2_RNA']",4
651,PRDX2,"['PRDX2_SNP', 'PRDX2_MET', 'PRDX2_CNV', 'PRDX2_RNA']",4
652,PRKAA1,"['PRKAA1_SNP', 'PRKAA1_MET', 'PRKAA1_CNV', 'PRKAA1_RNA']",4
653,PRKAA2,"['PRKAA2_SNP', 'PRKAA2_MET', 'PRKAA2_CNV', 'PRKAA2_RNA']",4
654,PRKAB1,"['PRKAB1_SNP', 'PRKAB1_MET', 'PRKAB1_CNV', 'PRKAB1_RNA']",4
655,PRKAB2,"['PRKAB2_SNP', 'PRKAB2_MET', 'PRKAB2_CNV', 'PRKAB2_RNA']",4
656,PRKACA,"['PRKACA_SNP', 'PRKACA_MET', 'PRKACA_CNV', 'PRKACA_RNA']",4
657,PRKACB,"['PRKACB_SNP', 'PRKACB_MET', 'PRKACB_CNV', 'PRKACB_RNA']",4
658,PRKACG,"['PRKACG_SNP', 'PRKACG_MET', 'PRKACG_CNV', 'PRKACG_RNA']",4
659,PRKAG1,"['PRKAG1_SNP', 'PRKAG1_MET', 'PRKAG1_CNV', 'PRKAG1_RNA']",4
660,PRKAG2,"['PRKAG2_SNP', 'PRKAG2_MET', 'PRKAG2_CNV', 'PRKAG2_RNA']",4
661,PRKAG3,"['PRKAG3_SNP', 'PRKAG3_MET', 'PRKAG3_CNV', 'PRKAG3_RNA']",4
662,PRKCA,"['PRKCA_SNP', 'PRKCA_MET', 'PRKCA_CNV', 'PRKCA_RNA']",4
663,PRKCB,"['PRKCB_SNP', 'PRKCB_MET', 'PRKCB_CNV', 'PRKCB_RNA']",4
664,PRKCD,"['PRKCD_SNP', 'PRKCD_MET', 'PRKCD_CNV', 'PRKCD_RNA']",4
665,PRKCE,"['PRKCE_SNP', 'PRKCE_MET', 'PRKCE_CNV', 'PRKCE_RNA']",4
666,PRKCG,"['PRKCG_SNP', 'PRKCG_MET', 'PRKCG_CNV', 'PRKCG_RNA']",4
667,PRKCH,"['PRKCH_SNP', 'PRKCH_MET', 'PRKCH_CNV', 'PRKCH_RNA']",4
668,PRKCI,"['PRKCI_SNP', 'PRKCI_MET', 'PRKCI_CNV', 'PRKCI_RNA']",4
669,PRKCQ,"['PRKCQ_SNP', 'PRKCQ_MET', 'PRKCQ_CNV', 'PRKCQ_RNA']",4
670,PRKCZ,"['PRKCZ_SNP', 'PRKCZ_MET', 'PRKCZ_CNV', 'PRKCZ_RNA']",4
671,PRKD1,"['PRKD1_SNP', 'PRKD1_MET', 'PRKD1_CNV', 'PRKD1_RNA']",4
672,PRKDC,"['PRKDC_SNP', 'PRKDC_MET', 'PRKDC_CNV', 'PRKDC_RNA']",4
673,PRL,"['PRL_SNP', 'PRL_MET', 'PRL_CNV', 'PRL_RNA']",4
674,PROC,"['PROC_SNP', 'PROC_MET', 'PROC_CNV', 'PROC_RNA']",4
675,PROS1,"['PROS1_SNP', 'PROS1_MET', 'PROS1_CNV', 'PROS1_RNA']",4
676,PROZ,"['PROZ_SNP', 'PROZ_MET', 'PROZ_CNV', 'PROZ_RNA']",4
677,PRPS1,"['PRPS1_SNP', 'PRPS1_MET', 'PRPS1_CNV', 'PRPS1_RNA']",4
678,PTGDR,"['PTGDR_SNP', 'PTGDR_MET', 'PTGDR_CNV', 'PTGDR_RNA']",4
679,PTGDS,"['PTGDS_SNP', 'PTGDS_MET', 'PTGDS_CNV', 'PTGDS_RNA']",4
680,PTGER1,"['PTGER1_SNP', 'PTGER1_MET', 'PTGER1_CNV', 'PTGER1_RNA']",4
681,PTGER2,"['PTGER2_SNP', 'PTGER2_MET', 'PTGER2_CNV', 'PTGER2_RNA']",4
682,PTGER3,"['PTGER3_SNP', 'PTGER3_MET', 'PTGER3_CNV', 'PTGER3_RNA']",4
683,PTGER4,"['PTGER4_SNP', 'PTGER4_MET', 'PTGER4_CNV', 'PTGER4_RNA']",4
684,PTGES,"['PTGES_SNP', 'PTGES_MET', 'PTGES_CNV', 'PTGES_RNA']",4
685,PTGES2,"['PTGES2_SNP', 'PTGES2_MET', 'PTGES2_CNV', 'PTGES2_RNA']",4
686,PTGES3,"['PTGES3_SNP', 'PTGES3_MET', 'PTGES3_CNV', 'PTGES3_RNA']",4
687,PTGFR,"['PTGFR_SNP', 'PTGFR_MET', 'PTGFR_CNV', 'PTGFR_RNA']",4
688,PTGIR,"['PTGIR_SNP', 'PTGIR_MET', 'PTGIR_CNV', 'PTGIR_RNA']",4
689,PTGIS,"['PTGIS_SNP', 'PTGIS_MET', 'PTGIS_CNV', 'PTGIS_RNA']",4
690,PTGS1,"['PTGS1_SNP', 'PTGS1_MET', 'PTGS1_CNV', 'PTGS1_RNA']",4
691,PTGS2,"['PTGS2_SNP', 'PTGS2_MET', 'PTGS2_CNV', 'PTGS2_RNA']",4
692,PTPRJ,"['PTPRJ_SNP', 'PTPRJ_MET', 'PTPRJ_CNV', 'PTPRJ_RNA']",4
693,PYY,"['PYY_SNP', 'PYY_MET', 'PYY_CNV', 'PYY_RNA']",4
694,RAB1A,"['RAB1A_SNP', 'RAB1A_MET', 'RAB1A_CNV', 'RAB1A_RNA']",4
695,RAC1,"['RAC1_SNP', 'RAC1_MET', 'RAC1_CNV', 'RAC1_RNA']",4
696,RAC2,"['RAC2_SNP', 'RAC2_MET', 'RAC2_CNV', 'RAC2_RNA']",4
697,RAC3,"['RAC3_SNP', 'RAC3_MET', 'RAC3_CNV', 'RAC3_RNA']",4
698,RAF1,"['RAF1_SNP', 'RAF1_MET', 'RAF1_CNV', 'RAF1_RNA']",4
699,RALBP1,"['RALBP1_SNP', 'RALBP1_MET', 'RALBP1_CNV', 'RALBP1_RNA']",4
700,RAMP1,"['RAMP1_SNP', 'RAMP1_MET', 'RAMP1_CNV', 'RAMP1_RNA']",4
701,RAP1A,"['RAP1A_SNP', 'RAP1A_MET', 'RAP1A_CNV', 'RAP1A_RNA']",4
702,REL,"['REL_SNP', 'REL_MET', 'REL_CNV', 'REL_RNA']",4
703,RELA,"['RELA_SNP', 'RELA_MET', 'RELA_CNV', 'RELA_RNA']",4
704,RELB,"['RELB_SNP', 'RELB_MET', 'RELB_CNV', 'RELB_RNA']",4
705,REN,"['REN_SNP', 'REN_MET', 'REN_CNV', 'REN_RNA']",4
706,RET,"['RET_SNP', 'RET_MET', 'RET_CNV', 'RET_RNA']",4
707,RGS1,"['RGS1_SNP', 'RGS1_MET', 'RGS1_CNV', 'RGS1_RNA']",4
708,RHOA,"['RHOA_SNP', 'RHOA_MET', 'RHOA_CNV', 'RHOA_RNA']",4
709,ROS1,"['ROS1_SNP', 'ROS1_MET', 'ROS1_CNV', 'ROS1_RNA']",4
710,RPS6KB1,"['RPS6KB1_SNP', 'RPS6KB1_MET', 'RPS6KB1_CNV', 'RPS6KB1_RNA']",4
711,RPTOR,"['RPTOR_SNP', 'RPTOR_MET', 'RPTOR_CNV', 'RPTOR_RNA']",4
712,RRAS,"['RRAS_SNP', 'RRAS_MET', 'RRAS_CNV', 'RRAS_RNA']",4
713,RRM1,"['RRM1_SNP', 'RRM1_MET', 'RRM1_CNV', 'RRM1_RNA']",4
714,RRM2,"['RRM2_SNP', 'RRM2_MET', 'RRM2_CNV', 'RRM2_RNA']",4
715,RRM2B,"['RRM2B_SNP', 'RRM2B_MET', 'RRM2B_CNV', 'RRM2B_RNA']",4
716,RYR1,"['RYR1_SNP', 'RYR1_MET', 'RYR1_CNV', 'RYR1_RNA']",4
717,RYR2,"['RYR2_SNP', 'RYR2_MET', 'RYR2_CNV', 'RYR2_RNA']",4
718,S1PR1,"['S1PR1_SNP', 'S1PR1_MET', 'S1PR1_CNV', 'S1PR1_RNA']",4
719,S1PR3,"['S1PR3_SNP', 'S1PR3_MET', 'S1PR3_CNV', 'S1PR3_RNA']",4
720,S1PR5,"['S1PR5_SNP', 'S1PR5_MET', 'S1PR5_CNV', 'S1PR5_RNA']",4
721,SCARB1,"['SCARB1_SNP', 'SCARB1_MET', 'SCARB1_CNV', 'SCARB1_RNA']",4
722,SCNN1A,"['SCNN1A_SNP', 'SCNN1A_MET', 'SCNN1A_CNV', 'SCNN1A_RNA']",4
723,SCNN1B,"['SCNN1B_SNP', 'SCNN1B_MET', 'SCNN1B_CNV', 'SCNN1B_RNA']",4
724,SCNN1G,"['SCNN1G_SNP', 'SCNN1G_MET', 'SCNN1G_CNV', 'SCNN1G_RNA']",4
725,SEC22A,"['SEC22A_SNP', 'SEC22A_MET', 'SEC22A_CNV', 'SEC22A_RNA']",4
726,SEC22B,"['SEC22B_SNP', 'SEC22B_MET', 'SEC22B_CNV', 'SEC22B_RNA']",4
727,SERPINA6,"['SERPINA6_SNP', 'SERPINA6_MET', 'SERPINA6_CNV', 'SERPINA6_RNA']",4
728,SGK1,"['SGK1_SNP', 'SGK1_MET', 'SGK1_CNV', 'SGK1_RNA']",4
729,SHC1,"['SHC1_SNP', 'SHC1_MET', 'SHC1_CNV', 'SHC1_RNA']",4
730,SHC2,"['SHC2_SNP', 'SHC2_MET', 'SHC2_CNV', 'SHC2_RNA']",4
731,SHC3,"['SHC3_SNP', 'SHC3_MET', 'SHC3_CNV', 'SHC3_RNA']",4
732,SHMT1,"['SHMT1_SNP', 'SHMT1_MET', 'SHMT1_CNV', 'SHMT1_RNA']",4
733,SIRT1,"['SIRT1_SNP', 'SIRT1_MET', 'SIRT1_CNV', 'SIRT1_RNA']",4
734,SLC10A1,"['SLC10A1_SNP', 'SLC10A1_MET', 'SLC10A1_CNV', 'SLC10A1_RNA']",4
735,SLC12A1,"['SLC12A1_SNP', 'SLC12A1_MET', 'SLC12A1_CNV', 'SLC12A1_RNA']",4
736,SLC12A3,"['SLC12A3_SNP', 'SLC12A3_MET', 'SLC12A3_CNV', 'SLC12A3_RNA']",4
737,SLC15A1,"['SLC15A1_SNP', 'SLC15A1_MET', 'SLC15A1_CNV', 'SLC15A1_RNA']",4
738,SLC17A1,"['SLC17A1_SNP', 'SLC17A1_MET', 'SLC17A1_CNV', 'SLC17A1_RNA']",4
739,SLC17A3,"['SLC17A3_SNP', 'SLC17A3_MET', 'SLC17A3_CNV', 'SLC17A3_RNA']",4
740,SLC18A1,"['SLC18A1_SNP', 'SLC18A1_MET', 'SLC18A1_CNV', 'SLC18A1_RNA']",4
741,SLC18A2,"['SLC18A2_SNP', 'SLC18A2_MET', 'SLC18A2_CNV', 'SLC18A2_RNA']",4
742,SLC18A3,"['SLC18A3_SNP', 'SLC18A3_MET', 'SLC18A3_CNV', 'SLC18A3_RNA']",4
743,SLC19A1,"['SLC19A1_SNP', 'SLC19A1_MET', 'SLC19A1_CNV', 'SLC19A1_RNA']",4
744,SLC22A1,"['SLC22A1_SNP', 'SLC22A1_MET', 'SLC22A1_CNV', 'SLC22A1_RNA']",4
745,SLC22A11,"['SLC22A11_SNP', 'SLC22A11_MET', 'SLC22A11_CNV', 'SLC22A11_RNA']",4
746,SLC22A12,"['SLC22A12_SNP', 'SLC22A12_MET', 'SLC22A12_CNV', 'SLC22A12_RNA']",4
747,SLC22A13,"['SLC22A13_SNP', 'SLC22A13_MET', 'SLC22A13_CNV', 'SLC22A13_RNA']",4
748,SLC22A16,"['SLC22A16_SNP', 'SLC22A16_MET', 'SLC22A16_CNV', 'SLC22A16_RNA']",4
749,SLC22A2,"['SLC22A2_SNP', 'SLC22A2_MET', 'SLC22A2_CNV', 'SLC22A2_RNA']",4
750,SLC22A3,"['SLC22A3_SNP', 'SLC22A3_MET', 'SLC22A3_CNV', 'SLC22A3_RNA']",4
751,SLC22A6,"['SLC22A6_SNP', 'SLC22A6_MET', 'SLC22A6_CNV', 'SLC22A6_RNA']",4
752,SLC22A7,"['SLC22A7_SNP', 'SLC22A7_MET', 'SLC22A7_CNV', 'SLC22A7_RNA']",4
753,SLC22A8,"['SLC22A8_SNP', 'SLC22A8_MET', 'SLC22A8_CNV', 'SLC22A8_RNA']",4
754,SLC22A9,"['SLC22A9_SNP', 'SLC22A9_MET', 'SLC22A9_CNV', 'SLC22A9_RNA']",4
755,SLC25A4,"['SLC25A4_SNP', 'SLC25A4_MET', 'SLC25A4_CNV', 'SLC25A4_RNA']",4
756,SLC26A8,"['SLC26A8_SNP', 'SLC26A8_MET', 'SLC26A8_CNV', 'SLC26A8_RNA']",4
757,SLC28A1,"['SLC28A1_SNP', 'SLC28A1_MET', 'SLC28A1_CNV', 'SLC28A1_RNA']",4
758,SLC28A2,"['SLC28A2_SNP', 'SLC28A2_MET', 'SLC28A2_CNV', 'SLC28A2_RNA']",4
759,SLC28A3,"['SLC28A3_SNP', 'SLC28A3_MET', 'SLC28A3_CNV', 'SLC28A3_RNA']",4
760,SLC29A1,"['SLC29A1_SNP', 'SLC29A1_MET', 'SLC29A1_CNV', 'SLC29A1_RNA']",4
761,SLC29A2,"['SLC29A2_SNP', 'SLC29A2_MET', 'SLC29A2_CNV', 'SLC29A2_RNA']",4
762,SLC29A3,"['SLC29A3_SNP', 'SLC29A3_MET', 'SLC29A3_CNV', 'SLC29A3_RNA']",4
763,SLC29A4,"['SLC29A4_SNP', 'SLC29A4_MET', 'SLC29A4_CNV', 'SLC29A4_RNA']",4
764,SLC2A1,"['SLC2A1_SNP', 'SLC2A1_MET', 'SLC2A1_CNV', 'SLC2A1_RNA']",4
765,SLC2A2,"['SLC2A2_SNP', 'SLC2A2_MET', 'SLC2A2_CNV', 'SLC2A2_RNA']",4
766,SLC2A4,"['SLC2A4_SNP', 'SLC2A4_MET', 'SLC2A4_CNV', 'SLC2A4_RNA']",4
767,SLC2A5,"['SLC2A5_SNP', 'SLC2A5_MET', 'SLC2A5_CNV', 'SLC2A5_RNA']",4
768,SLC2A9,"['SLC2A9_SNP', 'SLC2A9_MET', 'SLC2A9_CNV', 'SLC2A9_RNA']",4
769,SLC31A1,"['SLC31A1_SNP', 'SLC31A1_MET', 'SLC31A1_CNV', 'SLC31A1_RNA']",4
770,SLC32A1,"['SLC32A1_SNP', 'SLC32A1_MET', 'SLC32A1_CNV', 'SLC32A1_RNA']",4
771,SLC46A1,"['SLC46A1_SNP', 'SLC46A1_MET', 'SLC46A1_CNV', 'SLC46A1_RNA']",4
772,SLC47A1,"['SLC47A1_SNP', 'SLC47A1_MET', 'SLC47A1_CNV', 'SLC47A1_RNA']",4
773,SLC47A2,"['SLC47A2_SNP', 'SLC47A2_MET', 'SLC47A2_CNV', 'SLC47A2_RNA']",4
774,SLC5A7,"['SLC5A7_SNP', 'SLC5A7_MET', 'SLC5A7_CNV', 'SLC5A7_RNA']",4
775,SLC6A1,"['SLC6A1_SNP', 'SLC6A1_MET', 'SLC6A1_CNV', 'SLC6A1_RNA']",4
776,SLC6A11,"['SLC6A11_SNP', 'SLC6A11_MET', 'SLC6A11_CNV', 'SLC6A11_RNA']",4
777,SLC6A12,"['SLC6A12_SNP', 'SLC6A12_MET', 'SLC6A12_CNV', 'SLC6A12_RNA']",4
778,SLC6A13,"['SLC6A13_SNP', 'SLC6A13_MET', 'SLC6A13_CNV', 'SLC6A13_RNA']",4
779,SLC6A2,"['SLC6A2_SNP', 'SLC6A2_MET', 'SLC6A2_CNV', 'SLC6A2_RNA']",4
780,SLC6A3,"['SLC6A3_SNP', 'SLC6A3_MET', 'SLC6A3_CNV', 'SLC6A3_RNA']",4
781,SLC6A4,"['SLC6A4_SNP', 'SLC6A4_MET', 'SLC6A4_CNV', 'SLC6A4_RNA']",4
782,SLC6A5,"['SLC6A5_SNP', 'SLC6A5_MET', 'SLC6A5_CNV', 'SLC6A5_RNA']",4
783,SLC9A1,"['SLC9A1_SNP', 'SLC9A1_MET', 'SLC9A1_CNV', 'SLC9A1_RNA']",4
784,SLC9A2,"['SLC9A2_SNP', 'SLC9A2_MET', 'SLC9A2_CNV', 'SLC9A2_RNA']",4
785,SLC9A3,"['SLC9A3_SNP', 'SLC9A3_MET', 'SLC9A3_CNV', 'SLC9A3_RNA']",4
786,SLC9A4,"['SLC9A4_SNP', 'SLC9A4_MET', 'SLC9A4_CNV', 'SLC9A4_RNA']",4
787,SLC9A5,"['SLC9A5_SNP', 'SLC9A5_MET', 'SLC9A5_CNV', 'SLC9A5_RNA']",4
788,SLC9A6,"['SLC9A6_SNP', 'SLC9A6_MET', 'SLC9A6_CNV', 'SLC9A6_RNA']",4
789,SLCO1A2,"['SLCO1A2_SNP', 'SLCO1A2_MET', 'SLCO1A2_CNV', 'SLCO1A2_RNA']",4
790,SLCO1B1,"['SLCO1B1_SNP', 'SLCO1B1_MET', 'SLCO1B1_CNV', 'SLCO1B1_RNA']",4
791,SLCO1B3,"['SLCO1B3_SNP', 'SLCO1B3_MET', 'SLCO1B3_CNV', 'SLCO1B3_RNA']",4
792,SLCO2B1,"['SLCO2B1_SNP', 'SLCO2B1_MET', 'SLCO2B1_CNV', 'SLCO2B1_RNA']",4
793,SMUG1,"['SMUG1_SNP', 'SMUG1_MET', 'SMUG1_CNV', 'SMUG1_RNA']",4
794,SNAP25,"['SNAP25_SNP', 'SNAP25_MET', 'SNAP25_CNV', 'SNAP25_RNA']",4
795,SOAT1,"['SOAT1_SNP', 'SOAT1_MET', 'SOAT1_CNV', 'SOAT1_RNA']",4
796,SOCS3,"['SOCS3_SNP', 'SOCS3_MET', 'SOCS3_CNV', 'SOCS3_RNA']",4
797,SOD1,"['SOD1_SNP', 'SOD1_MET', 'SOD1_CNV', 'SOD1_RNA']",4
798,SOS1,"['SOS1_SNP', 'SOS1_MET', 'SOS1_CNV', 'SOS1_RNA']",4
799,SOS2,"['SOS2_SNP', 'SOS2_MET', 'SOS2_CNV', 'SOS2_RNA']",4
800,SP1,"['SP1_SNP', 'SP1_MET', 'SP1_CNV', 'SP1_RNA']",4
801,SQLE,"['SQLE_SNP', 'SQLE_MET', 'SQLE_CNV', 'SQLE_RNA']",4
802,SRC,"['SRC_SNP', 'SRC_MET', 'SRC_CNV', 'SRC_RNA']",4
803,SREBF1,"['SREBF1_SNP', 'SREBF1_MET', 'SREBF1_CNV', 'SREBF1_RNA']",4
804,SSTR2,"['SSTR2_SNP', 'SSTR2_MET', 'SSTR2_CNV', 'SSTR2_RNA']",4
805,STAT1,"['STAT1_SNP', 'STAT1_MET', 'STAT1_CNV', 'STAT1_RNA']",4
806,STAT2,"['STAT2_SNP', 'STAT2_MET', 'STAT2_CNV', 'STAT2_RNA']",4
807,STAT3,"['STAT3_SNP', 'STAT3_MET', 'STAT3_CNV', 'STAT3_RNA']",4
808,STAT4,"['STAT4_SNP', 'STAT4_MET', 'STAT4_CNV', 'STAT4_RNA']",4
809,STAT5A,"['STAT5A_SNP', 'STAT5A_MET', 'STAT5A_CNV', 'STAT5A_RNA']",4
810,STAT5B,"['STAT5B_SNP', 'STAT5B_MET', 'STAT5B_CNV', 'STAT5B_RNA']",4
811,STK11,"['STK11_SNP', 'STK11_MET', 'STK11_CNV', 'STK11_RNA']",4
812,STK39,"['STK39_SNP', 'STK39_MET', 'STK39_CNV', 'STK39_RNA']",4
813,STS,"['STS_SNP', 'STS_MET', 'STS_CNV', 'STS_RNA']",4
814,STX10,"['STX10_SNP', 'STX10_MET', 'STX10_CNV', 'STX10_RNA']",4
815,STX11,"['STX11_SNP', 'STX11_MET', 'STX11_CNV', 'STX11_RNA']",4
816,STX12,"['STX12_SNP', 'STX12_MET', 'STX12_CNV', 'STX12_RNA']",4
817,STX16,"['STX16_SNP', 'STX16_MET', 'STX16_CNV', 'STX16_RNA']",4
818,STX17,"['STX17_SNP', 'STX17_MET', 'STX17_CNV', 'STX17_RNA']",4
819,STX18,"['STX18_SNP', 'STX18_MET', 'STX18_CNV', 'STX18_RNA']",4
820,STX19,"['STX19_SNP', 'STX19_MET', 'STX19_CNV', 'STX19_RNA']",4
821,STX1A,"['STX1A_SNP', 'STX1A_MET', 'STX1A_CNV', 'STX1A_RNA']",4
822,STX1B,"['STX1B_SNP', 'STX1B_MET', 'STX1B_CNV', 'STX1B_RNA']",4
823,STX2,"['STX2_SNP', 'STX2_MET', 'STX2_CNV', 'STX2_RNA']",4
824,STX3,"['STX3_SNP', 'STX3_MET', 'STX3_CNV', 'STX3_RNA']",4
825,STX4,"['STX4_SNP', 'STX4_MET', 'STX4_CNV', 'STX4_RNA']",4
826,STX5,"['STX5_SNP', 'STX5_MET', 'STX5_CNV', 'STX5_RNA']",4
827,STX6,"['STX6_SNP', 'STX6_MET', 'STX6_CNV', 'STX6_RNA']",4
828,STX7,"['STX7_SNP', 'STX7_MET', 'STX7_CNV', 'STX7_RNA']",4
829,STX8,"['STX8_SNP', 'STX8_MET', 'STX8_CNV', 'STX8_RNA']",4
830,SUCLA2,"['SUCLA2_SNP', 'SUCLA2_MET', 'SUCLA2_CNV', 'SUCLA2_RNA']",4
831,SUCLG1,"['SUCLG1_SNP', 'SUCLG1_MET', 'SUCLG1_CNV', 'SUCLG1_RNA']",4
832,SUCLG2,"['SUCLG2_SNP', 'SUCLG2_MET', 'SUCLG2_CNV', 'SUCLG2_RNA']",4
833,SULT1A1,"['SULT1A1_SNP', 'SULT1A1_MET', 'SULT1A1_CNV', 'SULT1A1_RNA']",4
834,SULT1A3,"['SULT1A3_SNP', 'SULT1A3_MET', 'SULT1A3_CNV', 'SULT1A3_RNA']",4
835,SULT1A4,"['SULT1A4_SNP', 'SULT1A4_MET', 'SULT1A4_CNV', 'SULT1A4_RNA']",4
836,SULT1E1,"['SULT1E1_SNP', 'SULT1E1_MET', 'SULT1E1_CNV', 'SULT1E1_RNA']",4
837,SULT2A1,"['SULT2A1_SNP', 'SULT2A1_MET', 'SULT2A1_CNV', 'SULT2A1_RNA']",4
838,TACR1,"['TACR1_SNP', 'TACR1_MET', 'TACR1_CNV', 'TACR1_RNA']",4
839,TBXA2R,"['TBXA2R_SNP', 'TBXA2R_MET', 'TBXA2R_CNV', 'TBXA2R_RNA']",4
840,TBXAS1,"['TBXAS1_SNP', 'TBXAS1_MET', 'TBXAS1_CNV', 'TBXAS1_RNA']",4
841,TCF7L2,"['TCF7L2_SNP', 'TCF7L2_MET', 'TCF7L2_CNV', 'TCF7L2_RNA']",4
842,TDG,"['TDG_SNP', 'TDG_MET', 'TDG_CNV', 'TDG_RNA']",4
843,TEK,"['TEK_SNP', 'TEK_MET', 'TEK_CNV', 'TEK_RNA']",4
844,TGFA,"['TGFA_SNP', 'TGFA_MET', 'TGFA_CNV', 'TGFA_RNA']",4
845,TGFB1,"['TGFB1_SNP', 'TGFB1_MET', 'TGFB1_CNV', 'TGFB1_RNA']",4
846,TH,"['TH_SNP', 'TH_MET', 'TH_CNV', 'TH_RNA']",4
847,TIMP3,"['TIMP3_SNP', 'TIMP3_MET', 'TIMP3_CNV', 'TIMP3_RNA']",4
848,TK1,"['TK1_SNP', 'TK1_MET', 'TK1_CNV', 'TK1_RNA']",4
849,TK2,"['TK2_SNP', 'TK2_MET', 'TK2_CNV', 'TK2_RNA']",4
850,TOP1,"['TOP1_SNP', 'TOP1_MET', 'TOP1_CNV', 'TOP1_RNA']",4
851,TOP2A,"['TOP2A_SNP', 'TOP2A_MET', 'TOP2A_CNV', 'TOP2A_RNA']",4
852,TOP2B,"['TOP2B_SNP', 'TOP2B_MET', 'TOP2B_CNV', 'TOP2B_RNA']",4
853,TP53,"['TP53_SNP', 'TP53_MET', 'TP53_CNV', 'TP53_RNA']",4
854,TPH1,"['TPH1_SNP', 'TPH1_MET', 'TPH1_CNV', 'TPH1_RNA']",4
855,TPH2,"['TPH2_SNP', 'TPH2_MET', 'TPH2_CNV', 'TPH2_RNA']",4
856,TPMT,"['TPMT_SNP', 'TPMT_MET', 'TPMT_CNV', 'TPMT_RNA']",4
857,TSPO,"['TSPO_SNP', 'TSPO_MET', 'TSPO_CNV', 'TSPO_RNA']",4
858,TXN,"['TXN_SNP', 'TXN_MET', 'TXN_CNV', 'TXN_RNA']",4
859,TXNRD1,"['TXNRD1_SNP', 'TXNRD1_MET', 'TXNRD1_CNV', 'TXNRD1_RNA']",4
860,TYK2,"['TYK2_SNP', 'TYK2_MET', 'TYK2_CNV', 'TYK2_RNA']",4
861,TYMP,"['TYMP_SNP', 'TYMP_MET', 'TYMP_CNV', 'TYMP_RNA']",4
862,TYMS,"['TYMS_SNP', 'TYMS_MET', 'TYMS_CNV', 'TYMS_RNA']",4
863,UBASH3B,"['UBASH3B_SNP', 'UBASH3B_MET', 'UBASH3B_CNV', 'UBASH3B_RNA']",4
864,UCK1,"['UCK1_SNP', 'UCK1_MET', 'UCK1_CNV', 'UCK1_RNA']",4
865,UCK2,"['UCK2_SNP', 'UCK2_MET', 'UCK2_CNV', 'UCK2_RNA']",4
866,UCN,"['UCN_SNP', 'UCN_MET', 'UCN_CNV', 'UCN_RNA']",4
867,UCN2,"['UCN2_SNP', 'UCN2_MET', 'UCN2_CNV', 'UCN2_RNA']",4
868,UCN3,"['UCN3_SNP', 'UCN3_MET', 'UCN3_CNV', 'UCN3_RNA']",4
869,UGT1A1,"['UGT1A1_SNP', 'UGT1A1_MET', 'UGT1A1_CNV', 'UGT1A1_RNA']",4
870,UGT1A10,"['UGT1A10_SNP', 'UGT1A10_MET', 'UGT1A10_CNV', 'UGT1A10_RNA']",4
871,UGT1A3,"['UGT1A3_SNP', 'UGT1A3_MET', 'UGT1A3_CNV', 'UGT1A3_RNA']",4
872,UGT1A4,"['UGT1A4_SNP', 'UGT1A4_MET', 'UGT1A4_CNV', 'UGT1A4_RNA']",4
873,UGT1A6,"['UGT1A6_SNP', 'UGT1A6_MET', 'UGT1A6_CNV', 'UGT1A6_RNA']",4
874,UGT1A7,"['UGT1A7_SNP', 'UGT1A7_MET', 'UGT1A7_CNV', 'UGT1A7_RNA']",4
875,UGT1A8,"['UGT1A8_SNP', 'UGT1A8_MET', 'UGT1A8_CNV', 'UGT1A8_RNA']",4
876,UGT1A9,"['UGT1A9_SNP', 'UGT1A9_MET', 'UGT1A9_CNV', 'UGT1A9_RNA']",4
877,UGT2B10,"['UGT2B10_SNP', 'UGT2B10_MET', 'UGT2B10_CNV', 'UGT2B10_RNA']",4
878,UGT2B15,"['UGT2B15_SNP', 'UGT2B15_MET', 'UGT2B15_CNV', 'UGT2B15_RNA']",4
879,UGT2B17,"['UGT2B17_SNP', 'UGT2B17_MET', 'UGT2B17_CNV', 'UGT2B17_RNA']",4
880,UGT2B4,"['UGT2B4_SNP', 'UGT2B4_MET', 'UGT2B4_CNV', 'UGT2B4_RNA']",4
881,UGT2B7,"['UGT2B7_SNP', 'UGT2B7_MET', 'UGT2B7_CNV', 'UGT2B7_RNA']",4
882,UMPS,"['UMPS_SNP', 'UMPS_MET', 'UMPS_CNV', 'UMPS_RNA']",4
883,UPB1,"['UPB1_SNP', 'UPB1_MET', 'UPB1_CNV', 'UPB1_RNA']",4
884,UPP1,"['UPP1_SNP', 'UPP1_MET', 'UPP1_CNV', 'UPP1_RNA']",4
885,UPP2,"['UPP2_SNP', 'UPP2_MET', 'UPP2_CNV', 'UPP2_RNA']",4
886,USP18,"['USP18_SNP', 'USP18_MET', 'USP18_CNV', 'USP18_RNA']",4
887,VAMP1,"['VAMP1_SNP', 'VAMP1_MET', 'VAMP1_CNV', 'VAMP1_RNA']",4
888,VAMP2,"['VAMP2_SNP', 'VAMP2_MET', 'VAMP2_CNV', 'VAMP2_RNA']",4
889,VAMP3,"['VAMP3_SNP', 'VAMP3_MET', 'VAMP3_CNV', 'VAMP3_RNA']",4
890,VAMP4,"['VAMP4_SNP', 'VAMP4_MET', 'VAMP4_CNV', 'VAMP4_RNA']",4
891,VAMP5,"['VAMP5_SNP', 'VAMP5_MET', 'VAMP5_CNV', 'VAMP5_RNA']",4
892,VAMP8,"['VAMP8_SNP', 'VAMP8_MET', 'VAMP8_CNV', 'VAMP8_RNA']",4
893,VDAC1,"['VDAC1_SNP', 'VDAC1_MET', 'VDAC1_CNV', 'VDAC1_RNA']",4
894,VDR,"['VDR_SNP', 'VDR_MET', 'VDR_CNV', 'VDR_RNA']",4
895,VEGFA,"['VEGFA_SNP', 'VEGFA_MET', 'VEGFA_CNV', 'VEGFA_RNA']",4
896,VEGFB,"['VEGFB_SNP', 'VEGFB_MET', 'VEGFB_CNV', 'VEGFB_RNA']",4
897,VEGFC,"['VEGFC_SNP', 'VEGFC_MET', 'VEGFC_CNV', 'VEGFC_RNA']",4
898,VKORC1,"['VKORC1_SNP', 'VKORC1_MET', 'VKORC1_CNV', 'VKORC1_RNA']",4
899,VWF,"['VWF_SNP', 'VWF_MET', 'VWF_CNV', 'VWF_RNA']",4
900,WNK1,"['WNK1_SNP', 'WNK1_MET', 'WNK1_CNV', 'WNK1_RNA']",4
901,WNK3,"['WNK3_SNP', 'WNK3_MET', 'WNK3_CNV', 'WNK3_RNA']",4
902,WNK4,"['WNK4_SNP', 'WNK4_MET', 'WNK4_CNV', 'WNK4_RNA']",4
903,XDH,"['XDH_SNP', 'XDH_MET', 'XDH_CNV', 'XDH_RNA']",4
904,XRCC3,"['XRCC3_SNP', 'XRCC3_MET', 'XRCC3_CNV', 'XRCC3_RNA']",4
905,XRCC4,"['XRCC4_SNP', 'XRCC4_MET', 'XRCC4_CNV', 'XRCC4_RNA']",4
906,YKT6,"['YKT6_SNP', 'YKT6_MET', 'YKT6_CNV', 'YKT6_RNA']",4
907,YY1,"['YY1_SNP', 'YY1_MET', 'YY1_CNV', 'YY1_RNA']",4
908,ZEB1,"['ZEB1_SNP', 'ZEB1_MET', 'ZEB1_CNV', 'ZEB1_RNA']",4
